﻿"GEO_ID","NAME","B19013_001E","B19013_001M",
"Geography","Geographic Area Name","Estimate!!Median household income in the past 12 months (in 2011 inflation-adjusted dollars)","Margin of Error!!Median household income in the past 12 months (in 2011 inflation-adjusted dollars)",
"0400000US36","New York","56951","190",
"0500000US36047","Kings County, New York","44593","404",
"1400000US36047000100","Census Tract 1, Kings County, New York","87806","9605",
"1400000US36047000200","Census Tract 2, Kings County, New York","31728","4567",
"1400000US36047000301","Census Tract 3.01, Kings County, New York","166346","50410",
"1400000US36047000501","Census Tract 5.01, Kings County, New York","91250","19980",
"1400000US36047000502","Census Tract 5.02, Kings County, New York","93575","12828",
"1400000US36047000700","Census Tract 7, Kings County, New York","135050","23872",
"1400000US36047000900","Census Tract 9, Kings County, New York","108427","20237",
"1400000US36047001100","Census Tract 11, Kings County, New York","79231","29877",
"1400000US36047001300","Census Tract 13, Kings County, New York","95588","14901",
"1400000US36047001500","Census Tract 15, Kings County, New York","66023","18029",
"1400000US36047001800","Census Tract 18, Kings County, New York","-","**",
"1400000US36047002000","Census Tract 20, Kings County, New York","54167","23916",
"1400000US36047002100","Census Tract 21, Kings County, New York","167737","25009",
"1400000US36047002200","Census Tract 22, Kings County, New York","35045","5987",
"1400000US36047002300","Census Tract 23, Kings County, New York","17035","4208",
"1400000US36047002901","Census Tract 29.01, Kings County, New York","9662","1350",
"1400000US36047003000","Census Tract 30, Kings County, New York","56042","8212",
"1400000US36047003100","Census Tract 31, Kings County, New York","64458","4731",
"1400000US36047003300","Census Tract 33, Kings County, New York","83688","12727",
"1400000US36047003400","Census Tract 34, Kings County, New York","69904","19963",
"1400000US36047003500","Census Tract 35, Kings County, New York","46339","8359",
"1400000US36047003600","Census Tract 36, Kings County, New York","58147","7918",
"1400000US36047003700","Census Tract 37, Kings County, New York","73750","20885",
"1400000US36047003800","Census Tract 38, Kings County, New York","93125","4693",
"1400000US36047003900","Census Tract 39, Kings County, New York","61563","16192",
"1400000US36047004100","Census Tract 41, Kings County, New York","91607","19017",
"1400000US36047004300","Census Tract 43, Kings County, New York","95781","24890",
"1400000US36047004400","Census Tract 44, Kings County, New York","87000","15292",
"1400000US36047004500","Census Tract 45, Kings County, New York","106361","19647",
"1400000US36047004600","Census Tract 46, Kings County, New York","53393","46142",
"1400000US36047004700","Census Tract 47, Kings County, New York","98971","29073",
"1400000US36047004900","Census Tract 49, Kings County, New York","82609","19268",
"1400000US36047005000","Census Tract 50, Kings County, New York","74271","16822",
"1400000US36047005100","Census Tract 51, Kings County, New York","88188","22113",
"1400000US36047005201","Census Tract 52.01, Kings County, New York","26523","4715",
"1400000US36047005202","Census Tract 52.02, Kings County, New York","59625","14677",
"1400000US36047005300","Census Tract 53, Kings County, New York","74219","21406",
"1400000US36047005400","Census Tract 54, Kings County, New York","60714","12131",
"1400000US36047005601","Census Tract 56.01, Kings County, New York","52246","9309",
"1400000US36047005602","Census Tract 56.02, Kings County, New York","59167","21633",
"1400000US36047005800","Census Tract 58, Kings County, New York","51993","11003",
"1400000US36047005900","Census Tract 59, Kings County, New York","57222","6762",
"1400000US36047006000","Census Tract 60, Kings County, New York","62723","15431",
"1400000US36047006200","Census Tract 62, Kings County, New York","53184","15412",
"1400000US36047006300","Census Tract 63, Kings County, New York","91218","7838",
"1400000US36047006400","Census Tract 64, Kings County, New York","51558","9322",
"1400000US36047006500","Census Tract 65, Kings County, New York","85857","12431",
"1400000US36047006600","Census Tract 66, Kings County, New York","52083","7178",
"1400000US36047006700","Census Tract 67, Kings County, New York","119423","12689",
"1400000US36047006800","Census Tract 68, Kings County, New York","40758","6493",
"1400000US36047006900","Census Tract 69, Kings County, New York","94196","8496",
"1400000US36047007000","Census Tract 70, Kings County, New York","60387","5574",
"1400000US36047007100","Census Tract 71, Kings County, New York","35963","4511",
"1400000US36047007200","Census Tract 72, Kings County, New York","39008","3920",
"1400000US36047007400","Census Tract 74, Kings County, New York","35195","8487",
"1400000US36047007500","Census Tract 75, Kings County, New York","98646","22124",
"1400000US36047007600","Census Tract 76, Kings County, New York","39299","9782",
"1400000US36047007700","Census Tract 77, Kings County, New York","99543","25340",
"1400000US36047007800","Census Tract 78, Kings County, New York","31649","6942",
"1400000US36047008000","Census Tract 80, Kings County, New York","41354","14477",
"1400000US36047008200","Census Tract 82, Kings County, New York","46974","13977",
"1400000US36047008400","Census Tract 84, Kings County, New York","31463","11380",
"1400000US36047008500","Census Tract 85, Kings County, New York","16748","4573",
"1400000US36047008600","Census Tract 86, Kings County, New York","-","**",
"1400000US36047008800","Census Tract 88, Kings County, New York","38438","12367",
"1400000US36047009000","Census Tract 90, Kings County, New York","30093","4219",
"1400000US36047009200","Census Tract 92, Kings County, New York","36270","6467",
"1400000US36047009400","Census Tract 94, Kings County, New York","43036","13943",
"1400000US36047009600","Census Tract 96, Kings County, New York","40428","3817",
"1400000US36047009800","Census Tract 98, Kings County, New York","36089","5493",
"1400000US36047010000","Census Tract 100, Kings County, New York","28297","5552",
"1400000US36047010100","Census Tract 101, Kings County, New York","42253","3419",
"1400000US36047010200","Census Tract 102, Kings County, New York","38908","3980",
"1400000US36047010400","Census Tract 104, Kings County, New York","32574","7708",
"1400000US36047010600","Census Tract 106, Kings County, New York","32287","4543",
"1400000US36047010800","Census Tract 108, Kings County, New York","38024","8968",
"1400000US36047011000","Census Tract 110, Kings County, New York","36045","9431",
"1400000US36047011200","Census Tract 112, Kings County, New York","27355","3471",
"1400000US36047011400","Census Tract 114, Kings County, New York","39318","3556",
"1400000US36047011600","Census Tract 116, Kings County, New York","30996","5922",
"1400000US36047011700","Census Tract 117, Kings County, New York","67965","5980",
"1400000US36047011800","Census Tract 118, Kings County, New York","40726","7444",
"1400000US36047011900","Census Tract 119, Kings County, New York","69750","14661",
"1400000US36047012000","Census Tract 120, Kings County, New York","26118","37202",
"1400000US36047012100","Census Tract 121, Kings County, New York","76641","15172",
"1400000US36047012200","Census Tract 122, Kings County, New York","39393","7201",
"1400000US36047012600","Census Tract 126, Kings County, New York","31368","7150",
"1400000US36047012700","Census Tract 127, Kings County, New York","24338","6032",
"1400000US36047012801","Census Tract 128.01, Kings County, New York","50417","19997",
"1400000US36047012901","Census Tract 129.01, Kings County, New York","87875","20514",
"1400000US36047012902","Census Tract 129.02, Kings County, New York","88036","32142",
"1400000US36047013000","Census Tract 130, Kings County, New York","49653","6762",
"1400000US36047013100","Census Tract 131, Kings County, New York","103063","17370",
"1400000US36047013200","Census Tract 132, Kings County, New York","39291","3268",
"1400000US36047013300","Census Tract 133, Kings County, New York","108409","27789",
"1400000US36047013400","Census Tract 134, Kings County, New York","72591","19320",
"1400000US36047013500","Census Tract 135, Kings County, New York","104375","10206",
"1400000US36047013600","Census Tract 136, Kings County, New York","71904","6879",
"1400000US36047013700","Census Tract 137, Kings County, New York","79444","16745",
"1400000US36047013800","Census Tract 138, Kings County, New York","49007","7256",
"1400000US36047013900","Census Tract 139, Kings County, New York","63717","17142",
"1400000US36047014000","Census Tract 140, Kings County, New York","53008","5446",
"1400000US36047014100","Census Tract 141, Kings County, New York","80563","20969",
"1400000US36047014200","Census Tract 142, Kings County, New York","52424","10490",
"1400000US36047014300","Census Tract 143, Kings County, New York","56083","8669",
"1400000US36047014500","Census Tract 145, Kings County, New York","47880","10963",
"1400000US36047014700","Census Tract 147, Kings County, New York","65000","10156",
"1400000US36047014800","Census Tract 148, Kings County, New York","85664","19630",
"1400000US36047014900","Census Tract 149, Kings County, New York","94146","24666",
"1400000US36047015000","Census Tract 150, Kings County, New York","71944","22732",
"1400000US36047015100","Census Tract 151, Kings County, New York","109859","13819",
"1400000US36047015200","Census Tract 152, Kings County, New York","59399","12194",
"1400000US36047015300","Census Tract 153, Kings County, New York","104432","33006",
"1400000US36047015400","Census Tract 154, Kings County, New York","-","**",
"1400000US36047015500","Census Tract 155, Kings County, New York","104375","10532",
"1400000US36047015700","Census Tract 157, Kings County, New York","119076","13498",
"1400000US36047015900","Census Tract 159, Kings County, New York","109329","15569",
"1400000US36047016000","Census Tract 160, Kings County, New York","55893","8295",
"1400000US36047016100","Census Tract 161, Kings County, New York","99333","12760",
"1400000US36047016200","Census Tract 162, Kings County, New York","84531","18582",
"1400000US36047016300","Census Tract 163, Kings County, New York","78438","12178",
"1400000US36047016400","Census Tract 164, Kings County, New York","74922","28578",
"1400000US36047016500","Census Tract 165, Kings County, New York","120727","18556",
"1400000US36047016600","Census Tract 166, Kings County, New York","73750","30826",
"1400000US36047016700","Census Tract 167, Kings County, New York","106967","18525",
"1400000US36047016800","Census Tract 168, Kings County, New York","83045","21955",
"1400000US36047016900","Census Tract 169, Kings County, New York","66603","11950",
"1400000US36047017000","Census Tract 170, Kings County, New York","65136","8236",
"1400000US36047017100","Census Tract 171, Kings County, New York","100341","13847",
"1400000US36047017200","Census Tract 172, Kings County, New York","78487","60498",
"1400000US36047017400","Census Tract 174, Kings County, New York","42386","9558",
"1400000US36047017500","Census Tract 175, Kings County, New York","-","**",
"1400000US36047017600","Census Tract 176, Kings County, New York","39643","17685",
"1400000US36047017700","Census Tract 177, Kings County, New York","-","**",
"1400000US36047017800","Census Tract 178, Kings County, New York","52679","4332",
"1400000US36047017900","Census Tract 179, Kings County, New York","60000","24361",
"1400000US36047018000","Census Tract 180, Kings County, New York","31835","10129",
"1400000US36047018100","Census Tract 181, Kings County, New York","76293","8216",
"1400000US36047018200","Census Tract 182, Kings County, New York","37357","6950",
"1400000US36047018300","Census Tract 183, Kings County, New York","96250","29663",
"1400000US36047018400","Census Tract 184, Kings County, New York","51205","14519",
"1400000US36047018501","Census Tract 185.01, Kings County, New York","21869","4427",
"1400000US36047018600","Census Tract 186, Kings County, New York","52169","14530",
"1400000US36047018700","Census Tract 187, Kings County, New York","110000","40418",
"1400000US36047018800","Census Tract 188, Kings County, New York","77316","24360",
"1400000US36047019000","Census Tract 190, Kings County, New York","42194","6814",
"1400000US36047019100","Census Tract 191, Kings County, New York","53077","29975",
"1400000US36047019200","Census Tract 192, Kings County, New York","32250","7890",
"1400000US36047019300","Census Tract 193, Kings County, New York","40469","14720",
"1400000US36047019400","Census Tract 194, Kings County, New York","36080","9009",
"1400000US36047019500","Census Tract 195, Kings County, New York","55616","9345",
"1400000US36047019600","Census Tract 196, Kings County, New York","40625","9040",
"1400000US36047019700","Census Tract 197, Kings County, New York","75607","12556",
"1400000US36047019800","Census Tract 198, Kings County, New York","41964","23587",
"1400000US36047019900","Census Tract 199, Kings County, New York","56094","14064",
"1400000US36047020000","Census Tract 200, Kings County, New York","54182","10340",
"1400000US36047020100","Census Tract 201, Kings County, New York","73489","3717",
"1400000US36047020200","Census Tract 202, Kings County, New York","80368","22652",
"1400000US36047020300","Census Tract 203, Kings County, New York","68981","30138",
"1400000US36047020400","Census Tract 204, Kings County, New York","74290","27691",
"1400000US36047020500","Census Tract 205, Kings County, New York","81696","24070",
"1400000US36047020600","Census Tract 206, Kings County, New York","63500","23362",
"1400000US36047020700","Census Tract 207, Kings County, New York","98114","9419",
"1400000US36047020800","Census Tract 208, Kings County, New York","51076","9737",
"1400000US36047021000","Census Tract 210, Kings County, New York","55250","9174",
"1400000US36047021100","Census Tract 211, Kings County, New York","54800","36482",
"1400000US36047021200","Census Tract 212, Kings County, New York","40116","12540",
"1400000US36047021300","Census Tract 213, Kings County, New York","46071","7488",
"1400000US36047021400","Census Tract 214, Kings County, New York","26719","13169",
"1400000US36047021500","Census Tract 215, Kings County, New York","59617","8950",
"1400000US36047021600","Census Tract 216, Kings County, New York","39896","13419",
"1400000US36047021700","Census Tract 217, Kings County, New York","40245","10777",
"1400000US36047021800","Census Tract 218, Kings County, New York","33217","5504",
"1400000US36047021900","Census Tract 219, Kings County, New York","35233","8193",
"1400000US36047022000","Census Tract 220, Kings County, New York","31674","3395",
"1400000US36047022100","Census Tract 221, Kings County, New York","42568","4997",
"1400000US36047022200","Census Tract 222, Kings County, New York","29508","4001",
"1400000US36047022400","Census Tract 224, Kings County, New York","39185","6102",
"1400000US36047022600","Census Tract 226, Kings County, New York","57778","22541",
"1400000US36047022700","Census Tract 227, Kings County, New York","39523","3877",
"1400000US36047022800","Census Tract 228, Kings County, New York","45132","21814",
"1400000US36047022900","Census Tract 229, Kings County, New York","52426","7905",
"1400000US36047023000","Census Tract 230, Kings County, New York","32633","14783",
"1400000US36047023100","Census Tract 231, Kings County, New York","59438","16583",
"1400000US36047023200","Census Tract 232, Kings County, New York","26931","3741",
"1400000US36047023300","Census Tract 233, Kings County, New York","37370","6223",
"1400000US36047023400","Census Tract 234, Kings County, New York","37052","7227",
"1400000US36047023500","Census Tract 235, Kings County, New York","62313","17166",
"1400000US36047023600","Census Tract 236, Kings County, New York","30052","4169",
"1400000US36047023800","Census Tract 238, Kings County, New York","28864","14237",
"1400000US36047024000","Census Tract 240, Kings County, New York","39271","8448",
"1400000US36047024100","Census Tract 241, Kings County, New York","33750","30922",
"1400000US36047024200","Census Tract 242, Kings County, New York","42350","14301",
"1400000US36047024300","Census Tract 243, Kings County, New York","34717","11494",
"1400000US36047024400","Census Tract 244, Kings County, New York","36450","12634",
"1400000US36047024500","Census Tract 245, Kings County, New York","46431","7419",
"1400000US36047024600","Census Tract 246, Kings County, New York","45720","9834",
"1400000US36047024700","Census Tract 247, Kings County, New York","36691","13966",
"1400000US36047024800","Census Tract 248, Kings County, New York","48375","15377",
"1400000US36047024900","Census Tract 249, Kings County, New York","50429","12502",
"1400000US36047025000","Census Tract 250, Kings County, New York","41827","23332",
"1400000US36047025100","Census Tract 251, Kings County, New York","36659","11748",
"1400000US36047025200","Census Tract 252, Kings County, New York","45734","9918",
"1400000US36047025300","Census Tract 253, Kings County, New York","45913","7697",
"1400000US36047025400","Census Tract 254, Kings County, New York","48080","6613",
"1400000US36047025500","Census Tract 255, Kings County, New York","19488","3449",
"1400000US36047025600","Census Tract 256, Kings County, New York","42109","14575",
"1400000US36047025700","Census Tract 257, Kings County, New York","33071","27296",
"1400000US36047025800","Census Tract 258, Kings County, New York","43486","6667",
"1400000US36047025901","Census Tract 259.01, Kings County, New York","26083","7822",
"1400000US36047025902","Census Tract 259.02, Kings County, New York","19393","5726",
"1400000US36047026000","Census Tract 260, Kings County, New York","42000","11221",
"1400000US36047026100","Census Tract 261, Kings County, New York","31021","8663",
"1400000US36047026200","Census Tract 262, Kings County, New York","57938","19501",
"1400000US36047026300","Census Tract 263, Kings County, New York","33843","6220",
"1400000US36047026400","Census Tract 264, Kings County, New York","49349","5551",
"1400000US36047026500","Census Tract 265, Kings County, New York","42892","10754",
"1400000US36047026600","Census Tract 266, Kings County, New York","52518","8890",
"1400000US36047026700","Census Tract 267, Kings County, New York","58226","5650",
"1400000US36047026800","Census Tract 268, Kings County, New York","45441","9832",
"1400000US36047026900","Census Tract 269, Kings County, New York","33555","13566",
"1400000US36047027000","Census Tract 270, Kings County, New York","40457","12682",
"1400000US36047027100","Census Tract 271, Kings County, New York","39837","3471",
"1400000US36047027200","Census Tract 272, Kings County, New York","41102","9884",
"1400000US36047027300","Census Tract 273, Kings County, New York","28875","5914",
"1400000US36047027400","Census Tract 274, Kings County, New York","40256","5288",
"1400000US36047027500","Census Tract 275, Kings County, New York","55000","13270",
"1400000US36047027600","Census Tract 276, Kings County, New York","35208","4263",
"1400000US36047027700","Census Tract 277, Kings County, New York","31250","12971",
"1400000US36047027800","Census Tract 278, Kings County, New York","39524","14170",
"1400000US36047027900","Census Tract 279, Kings County, New York","42908","9967",
"1400000US36047028000","Census Tract 280, Kings County, New York","65455","21252",
"1400000US36047028100","Census Tract 281, Kings County, New York","22841","14846",
"1400000US36047028200","Census Tract 282, Kings County, New York","34592","4472",
"1400000US36047028300","Census Tract 283, Kings County, New York","13732","6753",
"1400000US36047028400","Census Tract 284, Kings County, New York","38678","3273",
"1400000US36047028501","Census Tract 285.01, Kings County, New York","97765","76243",
"1400000US36047028502","Census Tract 285.02, Kings County, New York","20154","6177",
"1400000US36047028600","Census Tract 286, Kings County, New York","34837","11510",
"1400000US36047028700","Census Tract 287, Kings County, New York","23665","6163",
"1400000US36047028800","Census Tract 288, Kings County, New York","30051","4177",
"1400000US36047028900","Census Tract 289, Kings County, New York","22575","5846",
"1400000US36047029000","Census Tract 290, Kings County, New York","36755","4421",
"1400000US36047029100","Census Tract 291, Kings County, New York","35402","15950",
"1400000US36047029200","Census Tract 292, Kings County, New York","27215","5893",
"1400000US36047029300","Census Tract 293, Kings County, New York","23965","2930",
"1400000US36047029400","Census Tract 294, Kings County, New York","28523","15010",
"1400000US36047029500","Census Tract 295, Kings County, New York","53824","14375",
"1400000US36047029600","Census Tract 296, Kings County, New York","36818","10302",
"1400000US36047029700","Census Tract 297, Kings County, New York","57284","14574",
"1400000US36047029800","Census Tract 298, Kings County, New York","47779","8344",
"1400000US36047029900","Census Tract 299, Kings County, New York","34205","14938",
"1400000US36047030000","Census Tract 300, Kings County, New York","39306","8717",
"1400000US36047030100","Census Tract 301, Kings County, New York","42206","4870",
"1400000US36047030200","Census Tract 302, Kings County, New York","44348","4778",
"1400000US36047030300","Census Tract 303, Kings County, New York","24720","7654",
"1400000US36047030400","Census Tract 304, Kings County, New York","37391","7119",
"1400000US36047030500","Census Tract 305, Kings County, New York","52547","9160",
"1400000US36047030600","Census Tract 306, Kings County, New York","40912","11146",
"1400000US36047030700","Census Tract 307, Kings County, New York","22112","7920",
"1400000US36047030800","Census Tract 308, Kings County, New York","47019","15001",
"1400000US36047030900","Census Tract 309, Kings County, New York","41330","17114",
"1400000US36047031100","Census Tract 311, Kings County, New York","38295","9866",
"1400000US36047031300","Census Tract 313, Kings County, New York","33056","6196",
"1400000US36047031400","Census Tract 314, Kings County, New York","45538","5613",
"1400000US36047031500","Census Tract 315, Kings County, New York","39189","3793",
"1400000US36047031701","Census Tract 317.01, Kings County, New York","35243","3730",
"1400000US36047031702","Census Tract 317.02, Kings County, New York","41455","7672",
"1400000US36047031900","Census Tract 319, Kings County, New York","36607","5188",
"1400000US36047032100","Census Tract 321, Kings County, New York","29223","8418",
"1400000US36047032300","Census Tract 323, Kings County, New York","39601","7646",
"1400000US36047032500","Census Tract 325, Kings County, New York","30799","10565",
"1400000US36047032600","Census Tract 326, Kings County, New York","26857","4292",
"1400000US36047032700","Census Tract 327, Kings County, New York","42546","11729",
"1400000US36047032800","Census Tract 328, Kings County, New York","38372","6172",
"1400000US36047032900","Census Tract 329, Kings County, New York","37239","7446",
"1400000US36047033000","Census Tract 330, Kings County, New York","23026","2782",
"1400000US36047033100","Census Tract 331, Kings County, New York","29571","5442",
"1400000US36047033300","Census Tract 333, Kings County, New York","42188","9566",
"1400000US36047033500","Census Tract 335, Kings County, New York","54167","14677",
"1400000US36047033600","Census Tract 336, Kings County, New York","61474","6891",
"1400000US36047033700","Census Tract 337, Kings County, New York","41438","10040",
"1400000US36047033900","Census Tract 339, Kings County, New York","38996","8341",
"1400000US36047034000","Census Tract 340, Kings County, New York","22013","4990",
"1400000US36047034100","Census Tract 341, Kings County, New York","37905","5219",
"1400000US36047034200","Census Tract 342, Kings County, New York","18806","4984",
"1400000US36047034300","Census Tract 343, Kings County, New York","21250","5316",
"1400000US36047034500","Census Tract 345, Kings County, New York","42250","13242",
"1400000US36047034700","Census Tract 347, Kings County, New York","25593","5227",
"1400000US36047034800","Census Tract 348, Kings County, New York","41891","11284",
"1400000US36047034900","Census Tract 349, Kings County, New York","34625","5555",
"1400000US36047035000","Census Tract 350, Kings County, New York","34984","8323",
"1400000US36047035100","Census Tract 351, Kings County, New York","26821","10590",
"1400000US36047035200","Census Tract 352, Kings County, New York","9502","577",
"1400000US36047035300","Census Tract 353, Kings County, New York","35072","6051",
"1400000US36047035400","Census Tract 354, Kings County, New York","42514","6398",
"1400000US36047035500","Census Tract 355, Kings County, New York","29904","9391",
"1400000US36047035601","Census Tract 356.01, Kings County, New York","42432","10268",
"1400000US36047035602","Census Tract 356.02, Kings County, New York","40172","5548",
"1400000US36047035700","Census Tract 357, Kings County, New York","13571","7618",
"1400000US36047035900","Census Tract 359, Kings County, New York","27888","9467",
"1400000US36047036001","Census Tract 360.01, Kings County, New York","27161","15563",
"1400000US36047036002","Census Tract 360.02, Kings County, New York","14521","3685",
"1400000US36047036100","Census Tract 361, Kings County, New York","15153","3481",
"1400000US36047036200","Census Tract 362, Kings County, New York","28398","8447",
"1400000US36047036300","Census Tract 363, Kings County, New York","37521","5309",
"1400000US36047036400","Census Tract 364, Kings County, New York","37572","4162",
"1400000US36047036501","Census Tract 365.01, Kings County, New York","35361","6823",
"1400000US36047036502","Census Tract 365.02, Kings County, New York","48971","10896",
"1400000US36047036600","Census Tract 366, Kings County, New York","47706","8514",
"1400000US36047036700","Census Tract 367, Kings County, New York","51691","15229",
"1400000US36047036900","Census Tract 369, Kings County, New York","20071","9414",
"1400000US36047037000","Census Tract 370, Kings County, New York","56111","12839",
"1400000US36047037100","Census Tract 371, Kings County, New York","42793","6638",
"1400000US36047037300","Census Tract 373, Kings County, New York","28861","4527",
"1400000US36047037401","Census Tract 374.01, Kings County, New York","54403","6214",
"1400000US36047037402","Census Tract 374.02, Kings County, New York","30866","4141",
"1400000US36047037500","Census Tract 375, Kings County, New York","37833","10145",
"1400000US36047037700","Census Tract 377, Kings County, New York","51280","4591",
"1400000US36047037900","Census Tract 379, Kings County, New York","44229","8478",
"1400000US36047038100","Census Tract 381, Kings County, New York","26982","11747",
"1400000US36047038200","Census Tract 382, Kings County, New York","24030","4550",
"1400000US36047038300","Census Tract 383, Kings County, New York","42976","14369",
"1400000US36047038500","Census Tract 385, Kings County, New York","30969","15868",
"1400000US36047038600","Census Tract 386, Kings County, New York","43929","8530",
"1400000US36047038700","Census Tract 387, Kings County, New York","29830","10404",
"1400000US36047038800","Census Tract 388, Kings County, New York","45313","6655",
"1400000US36047038900","Census Tract 389, Kings County, New York","33981","8961",
"1400000US36047039000","Census Tract 390, Kings County, New York","46458","15393",
"1400000US36047039100","Census Tract 391, Kings County, New York","43537","4994",
"1400000US36047039200","Census Tract 392, Kings County, New York","43699","4686",
"1400000US36047039300","Census Tract 393, Kings County, New York","50565","16583",
"1400000US36047039400","Census Tract 394, Kings County, New York","49455","8776",
"1400000US36047039500","Census Tract 395, Kings County, New York","26222","12520",
"1400000US36047039600","Census Tract 396, Kings County, New York","40446","12073",
"1400000US36047039700","Census Tract 397, Kings County, New York","35000","16781",
"1400000US36047039800","Census Tract 398, Kings County, New York","35539","4508",
"1400000US36047039900","Census Tract 399, Kings County, New York","39718","8941",
"1400000US36047040000","Census Tract 400, Kings County, New York","40037","3620",
"1400000US36047040100","Census Tract 401, Kings County, New York","31953","15770",
"1400000US36047040200","Census Tract 402, Kings County, New York","39082","8102",
"1400000US36047040300","Census Tract 403, Kings County, New York","27301","11368",
"1400000US36047040400","Census Tract 404, Kings County, New York","37052","42008",
"1400000US36047040500","Census Tract 405, Kings County, New York","44213","23326",
"1400000US36047040600","Census Tract 406, Kings County, New York","51016","9295",
"1400000US36047040700","Census Tract 407, Kings County, New York","-","**",
"1400000US36047040800","Census Tract 408, Kings County, New York","38225","6265",
"1400000US36047040900","Census Tract 409, Kings County, New York","32658","5539",
"1400000US36047041000","Census Tract 410, Kings County, New York","46827","11622",
"1400000US36047041100","Census Tract 411, Kings County, New York","32348","10202",
"1400000US36047041200","Census Tract 412, Kings County, New York","40675","12026",
"1400000US36047041300","Census Tract 413, Kings County, New York","39419","10306",
"1400000US36047041401","Census Tract 414.01, Kings County, New York","51985","5366",
"1400000US36047041402","Census Tract 414.02, Kings County, New York","44779","16657",
"1400000US36047041500","Census Tract 415, Kings County, New York","35221","7488",
"1400000US36047041600","Census Tract 416, Kings County, New York","46316","9567",
"1400000US36047041700","Census Tract 417, Kings County, New York","26776","11980",
"1400000US36047041800","Census Tract 418, Kings County, New York","33852","4848",
"1400000US36047041900","Census Tract 419, Kings County, New York","33555","5796",
"1400000US36047042000","Census Tract 420, Kings County, New York","54904","16545",
"1400000US36047042100","Census Tract 421, Kings County, New York","33598","14896",
"1400000US36047042200","Census Tract 422, Kings County, New York","47733","11165",
"1400000US36047042300","Census Tract 423, Kings County, New York","47868","18815",
"1400000US36047042400","Census Tract 424, Kings County, New York","40290","7775",
"1400000US36047042500","Census Tract 425, Kings County, New York","31630","8482",
"1400000US36047042600","Census Tract 426, Kings County, New York","42794","10129",
"1400000US36047042700","Census Tract 427, Kings County, New York","39583","8522",
"1400000US36047042800","Census Tract 428, Kings County, New York","39813","20609",
"1400000US36047042900","Census Tract 429, Kings County, New York","32885","13221",
"1400000US36047043000","Census Tract 430, Kings County, New York","41386","9236",
"1400000US36047043100","Census Tract 431, Kings County, New York","25020","3790",
"1400000US36047043200","Census Tract 432, Kings County, New York","35918","8969",
"1400000US36047043300","Census Tract 433, Kings County, New York","27778","9348",
"1400000US36047043400","Census Tract 434, Kings County, New York","44866","13384",
"1400000US36047043500","Census Tract 435, Kings County, New York","34452","5016",
"1400000US36047043600","Census Tract 436, Kings County, New York","38520","6457",
"1400000US36047043700","Census Tract 437, Kings County, New York","33438","10145",
"1400000US36047043800","Census Tract 438, Kings County, New York","47083","19625",
"1400000US36047043900","Census Tract 439, Kings County, New York","37885","6573",
"1400000US36047044000","Census Tract 440, Kings County, New York","52464","31598",
"1400000US36047044100","Census Tract 441, Kings County, New York","36161","8976",
"1400000US36047044200","Census Tract 442, Kings County, New York","50402","14273",
"1400000US36047044300","Census Tract 443, Kings County, New York","44601","6638",
"1400000US36047044400","Census Tract 444, Kings County, New York","41071","13221",
"1400000US36047044500","Census Tract 445, Kings County, New York","40441","2977",
"1400000US36047044600","Census Tract 446, Kings County, New York","44948","17111",
"1400000US36047044700","Census Tract 447, Kings County, New York","52512","11717",
"1400000US36047044800","Census Tract 448, Kings County, New York","42434","10723",
"1400000US36047044900","Census Tract 449, Kings County, New York","26298","7971",
"1400000US36047045000","Census Tract 450, Kings County, New York","41179","14184",
"1400000US36047045200","Census Tract 452, Kings County, New York","57422","7600",
"1400000US36047045300","Census Tract 453, Kings County, New York","45686","5263",
"1400000US36047045400","Census Tract 454, Kings County, New York","62760","17080",
"1400000US36047045600","Census Tract 456, Kings County, New York","28939","8426",
"1400000US36047045800","Census Tract 458, Kings County, New York","51250","30237",
"1400000US36047046000","Census Tract 460, Kings County, New York","49153","11837",
"1400000US36047046201","Census Tract 462.01, Kings County, New York","28324","10490",
"1400000US36047046202","Census Tract 462.02, Kings County, New York","44432","7161",
"1400000US36047046400","Census Tract 464, Kings County, New York","42353","16722",
"1400000US36047046800","Census Tract 468, Kings County, New York","50431","29146",
"1400000US36047047000","Census Tract 470, Kings County, New York","51970","3658",
"1400000US36047047200","Census Tract 472, Kings County, New York","56375","14305",
"1400000US36047047400","Census Tract 474, Kings County, New York","50500","15495",
"1400000US36047047600","Census Tract 476, Kings County, New York","34705","9144",
"1400000US36047047700","Census Tract 477, Kings County, New York","73730","15233",
"1400000US36047047800","Census Tract 478, Kings County, New York","34313","23509",
"1400000US36047048000","Census Tract 480, Kings County, New York","48906","13213",
"1400000US36047048100","Census Tract 481, Kings County, New York","64500","19241",
"1400000US36047048200","Census Tract 482, Kings County, New York","26107","3608",
"1400000US36047048400","Census Tract 484, Kings County, New York","40676","5480",
"1400000US36047048500","Census Tract 485, Kings County, New York","59762","14785",
"1400000US36047048600","Census Tract 486, Kings County, New York","30000","6693",
"1400000US36047048800","Census Tract 488, Kings County, New York","32140","14631",
"1400000US36047048900","Census Tract 489, Kings County, New York","23571","9052",
"1400000US36047049000","Census Tract 490, Kings County, New York","37364","6171",
"1400000US36047049100","Census Tract 491, Kings County, New York","39226","9604",
"1400000US36047049200","Census Tract 492, Kings County, New York","51786","15894",
"1400000US36047049300","Census Tract 493, Kings County, New York","23865","7470",
"1400000US36047049400","Census Tract 494, Kings County, New York","45500","11617",
"1400000US36047049500","Census Tract 495, Kings County, New York","80368","24746",
"1400000US36047049600","Census Tract 496, Kings County, New York","53718","25000",
"1400000US36047049700","Census Tract 497, Kings County, New York","67946","14179",
"1400000US36047049800","Census Tract 498, Kings County, New York","50759","14357",
"1400000US36047049900","Census Tract 499, Kings County, New York","56103","30317",
"1400000US36047050000","Census Tract 500, Kings County, New York","53099","6567",
"1400000US36047050100","Census Tract 501, Kings County, New York","60798","6968",
"1400000US36047050202","Census Tract 502.02, Kings County, New York","78380","16244",
"1400000US36047050300","Census Tract 503, Kings County, New York","66875","12031",
"1400000US36047050400","Census Tract 504, Kings County, New York","73833","11974",
"1400000US36047050500","Census Tract 505, Kings County, New York","21454","4858",
"1400000US36047050600","Census Tract 506, Kings County, New York","33856","3048",
"1400000US36047050700","Census Tract 507, Kings County, New York","19595","9177",
"1400000US36047050801","Census Tract 508.01, Kings County, New York","29921","10616",
"1400000US36047050803","Census Tract 508.03, Kings County, New York","50882","26713",
"1400000US36047050804","Census Tract 508.04, Kings County, New York","45078","9610",
"1400000US36047050900","Census Tract 509, Kings County, New York","29356","4556",
"1400000US36047051001","Census Tract 510.01, Kings County, New York","35821","13376",
"1400000US36047051002","Census Tract 510.02, Kings County, New York","36716","8251",
"1400000US36047051100","Census Tract 511, Kings County, New York","22174","6940",
"1400000US36047051200","Census Tract 512, Kings County, New York","44772","6934",
"1400000US36047051300","Census Tract 513, Kings County, New York","63339","7764",
"1400000US36047051400","Census Tract 514, Kings County, New York","41374","4433",
"1400000US36047051500","Census Tract 515, Kings County, New York","81685","37449",
"1400000US36047051601","Census Tract 516.01, Kings County, New York","32480","4922",
"1400000US36047051602","Census Tract 516.02, Kings County, New York","38681","4395",
"1400000US36047051700","Census Tract 517, Kings County, New York","90096","24262",
"1400000US36047051800","Census Tract 518, Kings County, New York","58790","17835",
"1400000US36047051900","Census Tract 519, Kings County, New York","69817","15234",
"1400000US36047052000","Census Tract 520, Kings County, New York","50408","11989",
"1400000US36047052300","Census Tract 523, Kings County, New York","31692","10663",
"1400000US36047052500","Census Tract 525, Kings County, New York","16139","1170",
"1400000US36047052600","Census Tract 526, Kings County, New York","57159","7836",
"1400000US36047052700","Census Tract 527, Kings County, New York","35373","10100",
"1400000US36047052800","Census Tract 528, Kings County, New York","77969","18507",
"1400000US36047052900","Census Tract 529, Kings County, New York","32768","12787",
"1400000US36047053000","Census Tract 530, Kings County, New York","54063","9098",
"1400000US36047053100","Census Tract 531, Kings County, New York","30938","6500",
"1400000US36047053200","Census Tract 532, Kings County, New York","54250","11970",
"1400000US36047053300","Census Tract 533, Kings County, New York","19722","7414",
"1400000US36047053400","Census Tract 534, Kings County, New York","34682","12463",
"1400000US36047053500","Census Tract 535, Kings County, New York","21250","6884",
"1400000US36047053700","Census Tract 537, Kings County, New York","21563","11641",
"1400000US36047053800","Census Tract 538, Kings County, New York","36550","10844",
"1400000US36047053900","Census Tract 539, Kings County, New York","23368","2343",
"1400000US36047054200","Census Tract 542, Kings County, New York","42589","10280",
"1400000US36047054300","Census Tract 543, Kings County, New York","65547","38676",
"1400000US36047054400","Census Tract 544, Kings County, New York","65577","5638",
"1400000US36047054500","Census Tract 545, Kings County, New York","21992","11063",
"1400000US36047054600","Census Tract 546, Kings County, New York","32418","7577",
"1400000US36047054700","Census Tract 547, Kings County, New York","31970","7577",
"1400000US36047054800","Census Tract 548, Kings County, New York","52955","45512",
"1400000US36047054900","Census Tract 549, Kings County, New York","56438","16987",
"1400000US36047055000","Census Tract 550, Kings County, New York","33667","15675",
"1400000US36047055100","Census Tract 551, Kings County, New York","51367","10322",
"1400000US36047055200","Census Tract 552, Kings County, New York","47135","13392",
"1400000US36047055300","Census Tract 553, Kings County, New York","57969","14364",
"1400000US36047055400","Census Tract 554, Kings County, New York","41007","9962",
"1400000US36047055500","Census Tract 555, Kings County, New York","72330","37154",
"1400000US36047055600","Census Tract 556, Kings County, New York","50613","10578",
"1400000US36047055700","Census Tract 557, Kings County, New York","55833","8365",
"1400000US36047055800","Census Tract 558, Kings County, New York","48750","21643",
"1400000US36047056000","Census Tract 560, Kings County, New York","39722","9315",
"1400000US36047056100","Census Tract 561, Kings County, New York","61518","23184",
"1400000US36047056200","Census Tract 562, Kings County, New York","69875","21354",
"1400000US36047056300","Census Tract 563, Kings County, New York","56690","9967",
"1400000US36047056400","Census Tract 564, Kings County, New York","60341","9229",
"1400000US36047056500","Census Tract 565, Kings County, New York","62250","14835",
"1400000US36047056600","Census Tract 566, Kings County, New York","54560","16943",
"1400000US36047056800","Census Tract 568, Kings County, New York","78882","36080",
"1400000US36047056900","Census Tract 569, Kings County, New York","65559","14692",
"1400000US36047057000","Census Tract 570, Kings County, New York","56480","7635",
"1400000US36047057100","Census Tract 571, Kings County, New York","64196","16764",
"1400000US36047057200","Census Tract 572, Kings County, New York","14850","3750",
"1400000US36047057300","Census Tract 573, Kings County, New York","57130","15516",
"1400000US36047057400","Census Tract 574, Kings County, New York","72125","22123",
"1400000US36047057500","Census Tract 575, Kings County, New York","59943","14200",
"1400000US36047057600","Census Tract 576, Kings County, New York","53750","9226",
"1400000US36047057800","Census Tract 578, Kings County, New York","64663","19195",
"1400000US36047057900","Census Tract 579, Kings County, New York","43538","5440",
"1400000US36047058000","Census Tract 580, Kings County, New York","41591","7531",
"1400000US36047058200","Census Tract 582, Kings County, New York","31410","7527",
"1400000US36047058400","Census Tract 584, Kings County, New York","46923","16930",
"1400000US36047058600","Census Tract 586, Kings County, New York","41154","14978",
"1400000US36047058800","Census Tract 588, Kings County, New York","50750","10903",
"1400000US36047058900","Census Tract 589, Kings County, New York","86797","16329",
"1400000US36047059000","Census Tract 590, Kings County, New York","49707","9902",
"1400000US36047059100","Census Tract 591, Kings County, New York","58560","5475",
"1400000US36047059200","Census Tract 592, Kings County, New York","51796","16823",
"1400000US36047059300","Census Tract 593, Kings County, New York","41830","22295",
"1400000US36047059401","Census Tract 594.01, Kings County, New York","62557","18778",
"1400000US36047059402","Census Tract 594.02, Kings County, New York","66732","12703",
"1400000US36047059600","Census Tract 596, Kings County, New York","51698","16671",
"1400000US36047059800","Census Tract 598, Kings County, New York","60038","10876",
"1400000US36047060000","Census Tract 600, Kings County, New York","50507","18965",
"1400000US36047060600","Census Tract 606, Kings County, New York","33616","9353",
"1400000US36047060800","Census Tract 608, Kings County, New York","53333","6765",
"1400000US36047061002","Census Tract 610.02, Kings County, New York","52656","13974",
"1400000US36047061003","Census Tract 610.03, Kings County, New York","30735","12125",
"1400000US36047061004","Census Tract 610.04, Kings County, New York","25705","2405",
"1400000US36047061200","Census Tract 612, Kings County, New York","68958","22173",
"1400000US36047061600","Census Tract 616, Kings County, New York","79688","19312",
"1400000US36047062000","Census Tract 620, Kings County, New York","99125","17384",
"1400000US36047062200","Census Tract 622, Kings County, New York","48519","11237",
"1400000US36047062600","Census Tract 626, Kings County, New York","44007","12237",
"1400000US36047062800","Census Tract 628, Kings County, New York","62520","13694",
"1400000US36047063200","Census Tract 632, Kings County, New York","51386","22671",
"1400000US36047063600","Census Tract 636, Kings County, New York","90938","24315",
"1400000US36047063800","Census Tract 638, Kings County, New York","62750","19265",
"1400000US36047064000","Census Tract 640, Kings County, New York","91591","12974",
"1400000US36047064200","Census Tract 642, Kings County, New York","60588","12883",
"1400000US36047064400","Census Tract 644, Kings County, New York","81389","33278",
"1400000US36047064600","Census Tract 646, Kings County, New York","79375","12157",
"1400000US36047064800","Census Tract 648, Kings County, New York","55373","9624",
"1400000US36047065000","Census Tract 650, Kings County, New York","56000","17796",
"1400000US36047065200","Census Tract 652, Kings County, New York","114250","35864",
"1400000US36047065400","Census Tract 654, Kings County, New York","92679","27983",
"1400000US36047065600","Census Tract 656, Kings County, New York","76917","20420",
"1400000US36047065800","Census Tract 658, Kings County, New York","77630","15071",
"1400000US36047066000","Census Tract 660, Kings County, New York","77963","11426",
"1400000US36047066200","Census Tract 662, Kings County, New York","85530","26048",
"1400000US36047066600","Census Tract 666, Kings County, New York","-","**",
"1400000US36047067000","Census Tract 670, Kings County, New York","48250","14045",
"1400000US36047067200","Census Tract 672, Kings County, New York","54934","14993",
"1400000US36047067400","Census Tract 674, Kings County, New York","55455","23804",
"1400000US36047067600","Census Tract 676, Kings County, New York","75093","31262",
"1400000US36047067800","Census Tract 678, Kings County, New York","76587","14009",
"1400000US36047068000","Census Tract 680, Kings County, New York","63371","21202",
"1400000US36047068200","Census Tract 682, Kings County, New York","80000","29709",
"1400000US36047068600","Census Tract 686, Kings County, New York","73813","18668",
"1400000US36047068800","Census Tract 688, Kings County, New York","68281","17821",
"1400000US36047069000","Census Tract 690, Kings County, New York","73546","10364",
"1400000US36047069200","Census Tract 692, Kings County, New York","62171","7728",
"1400000US36047069601","Census Tract 696.01, Kings County, New York","53848","7968",
"1400000US36047069602","Census Tract 696.02, Kings County, New York","92796","16305",
"1400000US36047069800","Census Tract 698, Kings County, New York","63750","10629",
"1400000US36047070000","Census Tract 700, Kings County, New York","105392","14925",
"1400000US36047070201","Census Tract 702.01, Kings County, New York","70858","18048",
"1400000US36047070202","Census Tract 702.02, Kings County, New York","39167","63344",
"1400000US36047070203","Census Tract 702.03, Kings County, New York","-","**",
"1400000US36047070600","Census Tract 706, Kings County, New York","80455","12307",
"1400000US36047072000","Census Tract 720, Kings County, New York","66900","20195",
"1400000US36047072200","Census Tract 722, Kings County, New York","73906","12066",
"1400000US36047072400","Census Tract 724, Kings County, New York","79432","10346",
"1400000US36047072600","Census Tract 726, Kings County, New York","72935","11470",
"1400000US36047072800","Census Tract 728, Kings County, New York","52370","7574",
"1400000US36047073000","Census Tract 730, Kings County, New York","85781","19128",
"1400000US36047073200","Census Tract 732, Kings County, New York","61528","19045",
"1400000US36047073400","Census Tract 734, Kings County, New York","60221","11679",
"1400000US36047073600","Census Tract 736, Kings County, New York","45250","6711",
"1400000US36047073800","Census Tract 738, Kings County, New York","58598","14624",
"1400000US36047074000","Census Tract 740, Kings County, New York","55677","12548",
"1400000US36047074200","Census Tract 742, Kings County, New York","67438","14927",
"1400000US36047074400","Census Tract 744, Kings County, New York","63611","50248",
"1400000US36047074600","Census Tract 746, Kings County, New York","73056","23766",
"1400000US36047074800","Census Tract 748, Kings County, New York","55046","14229",
"1400000US36047075000","Census Tract 750, Kings County, New York","42213","12343",
"1400000US36047075200","Census Tract 752, Kings County, New York","104750","57479",
"1400000US36047075400","Census Tract 754, Kings County, New York","106548","20732",
"1400000US36047075600","Census Tract 756, Kings County, New York","61728","25823",
"1400000US36047075800","Census Tract 758, Kings County, New York","95766","16467",
"1400000US36047076000","Census Tract 760, Kings County, New York","59563","19730",
"1400000US36047076200","Census Tract 762, Kings County, New York","45795","11505",
"1400000US36047076400","Census Tract 764, Kings County, New York","56100","15165",
"1400000US36047076600","Census Tract 766, Kings County, New York","59247","7247",
"1400000US36047076800","Census Tract 768, Kings County, New York","49762","15211",
"1400000US36047077000","Census Tract 770, Kings County, New York","56364","15376",
"1400000US36047077200","Census Tract 772, Kings County, New York","48514","13337",
"1400000US36047077400","Census Tract 774, Kings County, New York","47533","9275",
"1400000US36047077600","Census Tract 776, Kings County, New York","47395","7836",
"1400000US36047078000","Census Tract 780, Kings County, New York","64960","15422",
"1400000US36047078200","Census Tract 782, Kings County, New York","48104","5449",
"1400000US36047078400","Census Tract 784, Kings County, New York","72344","9750",
"1400000US36047078600","Census Tract 786, Kings County, New York","37073","7779",
"1400000US36047078800","Census Tract 788, Kings County, New York","39182","5784",
"1400000US36047079000","Census Tract 790, Kings County, New York","38313","10001",
"1400000US36047079200","Census Tract 792, Kings County, New York","43221","10395",
"1400000US36047079400","Census Tract 794, Kings County, New York","51688","12384",
"1400000US36047079601","Census Tract 796.01, Kings County, New York","41605","7510",
"1400000US36047079602","Census Tract 796.02, Kings County, New York","32140","5877",
"1400000US36047079801","Census Tract 798.01, Kings County, New York","44427","11530",
"1400000US36047079802","Census Tract 798.02, Kings County, New York","46105","9536",
"1400000US36047080000","Census Tract 800, Kings County, New York","50337","4989",
"1400000US36047080200","Census Tract 802, Kings County, New York","40109","5739",
"1400000US36047080400","Census Tract 804, Kings County, New York","44444","12507",
"1400000US36047080600","Census Tract 806, Kings County, New York","52500","14414",
"1400000US36047080800","Census Tract 808, Kings County, New York","12500","3312",
"1400000US36047081000","Census Tract 810, Kings County, New York","32500","11955",
"1400000US36047081400","Census Tract 814, Kings County, New York","56691","34129",
"1400000US36047081600","Census Tract 816, Kings County, New York","46250","7011",
"1400000US36047081800","Census Tract 818, Kings County, New York","39727","9864",
"1400000US36047082000","Census Tract 820, Kings County, New York","46300","5095",
"1400000US36047082200","Census Tract 822, Kings County, New York","34382","4497",
"1400000US36047082400","Census Tract 824, Kings County, New York","33816","5550",
"1400000US36047082600","Census Tract 826, Kings County, New York","34019","8853",
"1400000US36047082800","Census Tract 828, Kings County, New York","43427","6940",
"1400000US36047083000","Census Tract 830, Kings County, New York","40096","8197",
"1400000US36047083200","Census Tract 832, Kings County, New York","76328","17253",
"1400000US36047083400","Census Tract 834, Kings County, New York","73594","29198",
"1400000US36047083600","Census Tract 836, Kings County, New York","60675","13537",
"1400000US36047083800","Census Tract 838, Kings County, New York","69742","22537",
"1400000US36047084000","Census Tract 840, Kings County, New York","58897","13892",
"1400000US36047084600","Census Tract 846, Kings County, New York","75000","16012",
"1400000US36047084800","Census Tract 848, Kings County, New York","70789","28722",
"1400000US36047085000","Census Tract 850, Kings County, New York","61096","7651",
"1400000US36047085200","Census Tract 852, Kings County, New York","-","**",
"1400000US36047085400","Census Tract 854, Kings County, New York","71648","40586",
"1400000US36047085600","Census Tract 856, Kings County, New York","62519","26076",
"1400000US36047085800","Census Tract 858, Kings County, New York","52601","11876",
"1400000US36047086000","Census Tract 860, Kings County, New York","40529","8795",
"1400000US36047086200","Census Tract 862, Kings County, New York","36055","11251",
"1400000US36047086400","Census Tract 864, Kings County, New York","87649","19080",
"1400000US36047086600","Census Tract 866, Kings County, New York","42632","8314",
"1400000US36047086800","Census Tract 868, Kings County, New York","27382","7619",
"1400000US36047087000","Census Tract 870, Kings County, New York","36700","6757",
"1400000US36047087200","Census Tract 872, Kings County, New York","50402","14513",
"1400000US36047087401","Census Tract 874.01, Kings County, New York","40560","15771",
"1400000US36047087600","Census Tract 876, Kings County, New York","59750","13219",
"1400000US36047087800","Census Tract 878, Kings County, New York","45454","3719",
"1400000US36047088000","Census Tract 880, Kings County, New York","54302","11444",
"1400000US36047088200","Census Tract 882, Kings County, New York","35829","5578",
"1400000US36047088400","Census Tract 884, Kings County, New York","38906","11578",
"1400000US36047088600","Census Tract 886, Kings County, New York","35725","6368",
"1400000US36047088800","Census Tract 888, Kings County, New York","43986","10159",
"1400000US36047089000","Census Tract 890, Kings County, New York","34489","9490",
"1400000US36047089200","Census Tract 892, Kings County, New York","28768","5498",
"1400000US36047089400","Census Tract 894, Kings County, New York","42431","11216",
"1400000US36047089600","Census Tract 896, Kings County, New York","34010","6426",
"1400000US36047089800","Census Tract 898, Kings County, New York","37569","5613",
"1400000US36047090000","Census Tract 900, Kings County, New York","27104","4878",
"1400000US36047090200","Census Tract 902, Kings County, New York","23155","5894",
"1400000US36047090600","Census Tract 906, Kings County, New York","15149","2765",
"1400000US36047090800","Census Tract 908, Kings County, New York","12288","3739",
"1400000US36047091000","Census Tract 910, Kings County, New York","10844","1595",
"1400000US36047091200","Census Tract 912, Kings County, New York","17630","4997",
"1400000US36047091600","Census Tract 916, Kings County, New York","22692","8463",
"1400000US36047091800","Census Tract 918, Kings County, New York","31656","4974",
"1400000US36047092000","Census Tract 920, Kings County, New York","30069","9409",
"1400000US36047092200","Census Tract 922, Kings County, New York","30735","8822",
"1400000US36047092400","Census Tract 924, Kings County, New York","37721","12241",
"1400000US36047092800","Census Tract 928, Kings County, New York","65775","4470",
"1400000US36047093000","Census Tract 930, Kings County, New York","67054","24519",
"1400000US36047093200","Census Tract 932, Kings County, New York","62784","12542",
"1400000US36047093400","Census Tract 934, Kings County, New York","66943","6001",
"1400000US36047093600","Census Tract 936, Kings County, New York","66635","25250",
"1400000US36047093800","Census Tract 938, Kings County, New York","39600","6091",
"1400000US36047094401","Census Tract 944.01, Kings County, New York","57031","10389",
"1400000US36047094402","Census Tract 944.02, Kings County, New York","17756","6497",
"1400000US36047094600","Census Tract 946, Kings County, New York","65357","12295",
"1400000US36047095000","Census Tract 950, Kings County, New York","69103","4447",
"1400000US36047095400","Census Tract 954, Kings County, New York","61224","7098",
"1400000US36047095600","Census Tract 956, Kings County, New York","66364","15176",
"1400000US36047095800","Census Tract 958, Kings County, New York","60045","15100",
"1400000US36047096000","Census Tract 960, Kings County, New York","-","**",
"1400000US36047096200","Census Tract 962, Kings County, New York","65114","17951",
"1400000US36047096400","Census Tract 964, Kings County, New York","64792","30253",
"1400000US36047096600","Census Tract 966, Kings County, New York","85489","10458",
"1400000US36047096800","Census Tract 968, Kings County, New York","82625","27882",
"1400000US36047097000","Census Tract 970, Kings County, New York","51250","12904",
"1400000US36047097400","Census Tract 974, Kings County, New York","57794","11832",
"1400000US36047098200","Census Tract 982, Kings County, New York","20037","7378",
"1400000US36047098400","Census Tract 984, Kings County, New York","81806","52030",
"1400000US36047098600","Census Tract 986, Kings County, New York","67917","12834",
"1400000US36047098800","Census Tract 988, Kings County, New York","60089","11694",
"1400000US36047099000","Census Tract 990, Kings County, New York","44441","24090",
"1400000US36047099200","Census Tract 992, Kings County, New York","74746","14630",
"1400000US36047099400","Census Tract 994, Kings County, New York","78750","8663",
"1400000US36047099600","Census Tract 996, Kings County, New York","69110","9099",
"1400000US36047099800","Census Tract 998, Kings County, New York","62903","18381",
"1400000US36047100400","Census Tract 1004, Kings County, New York","66213","10752",
"1400000US36047100600","Census Tract 1006, Kings County, New York","89531","15242",
"1400000US36047100800","Census Tract 1008, Kings County, New York","49808","11581",
"1400000US36047101000","Census Tract 1010, Kings County, New York","59737","9620",
"1400000US36047101200","Census Tract 1012, Kings County, New York","58250","17386",
"1400000US36047101400","Census Tract 1014, Kings County, New York","66078","23566",
"1400000US36047101600","Census Tract 1016, Kings County, New York","73438","21500",
"1400000US36047101800","Census Tract 1018, Kings County, New York","71827","32213",
"1400000US36047102000","Census Tract 1020, Kings County, New York","89213","15542",
"1400000US36047102200","Census Tract 1022, Kings County, New York","56101","7854",
"1400000US36047102400","Census Tract 1024, Kings County, New York","51825","13568",
"1400000US36047102600","Census Tract 1026, Kings County, New York","66330","14868",
"1400000US36047102800","Census Tract 1028, Kings County, New York","82872","17173",
"1400000US36047103400","Census Tract 1034, Kings County, New York","25523","8586",
"1400000US36047105801","Census Tract 1058.01, Kings County, New York","20481","8410",
"1400000US36047105804","Census Tract 1058.04, Kings County, New York","25946","6535",
"1400000US36047107000","Census Tract 1070, Kings County, New York","58405","11120",
"1400000US36047107800","Census Tract 1078, Kings County, New York","59229","7447",
"1400000US36047109800","Census Tract 1098, Kings County, New York","37688","29555",
"1400000US36047110400","Census Tract 1104, Kings County, New York","33252","3663",
"1400000US36047110600","Census Tract 1106, Kings County, New York","27867","5222",
"1400000US36047111000","Census Tract 1110, Kings County, New York","20083","5126",
"1400000US36047111600","Census Tract 1116, Kings County, New York","42786","12448",
"1400000US36047111800","Census Tract 1118, Kings County, New York","30517","4100",
"1400000US36047112000","Census Tract 1120, Kings County, New York","48870","8834",
"1400000US36047112200","Census Tract 1122, Kings County, New York","46732","8024",
"1400000US36047112400","Census Tract 1124, Kings County, New York","45769","14682",
"1400000US36047112600","Census Tract 1126, Kings County, New York","25242","10172",
"1400000US36047112800","Census Tract 1128, Kings County, New York","35465","9533",
"1400000US36047113000","Census Tract 1130, Kings County, New York","37500","14355",
"1400000US36047113200","Census Tract 1132, Kings County, New York","57500","22830",
"1400000US36047113400","Census Tract 1134, Kings County, New York","20179","8867",
"1400000US36047114201","Census Tract 1142.01, Kings County, New York","48684","16783",
"1400000US36047114202","Census Tract 1142.02, Kings County, New York","25813","9173",
"1400000US36047114400","Census Tract 1144, Kings County, New York","26827","17297",
"1400000US36047114600","Census Tract 1146, Kings County, New York","35714","11791",
"1400000US36047115000","Census Tract 1150, Kings County, New York","35074","11805",
"1400000US36047115200","Census Tract 1152, Kings County, New York","17861","8446",
"1400000US36047115600","Census Tract 1156, Kings County, New York","16102","2295",
"1400000US36047115800","Census Tract 1158, Kings County, New York","36693","5328",
"1400000US36047116000","Census Tract 1160, Kings County, New York","31063","13294",
"1400000US36047116200","Census Tract 1162, Kings County, New York","39516","15979",
"1400000US36047116400","Census Tract 1164, Kings County, New York","38405","2376",
"1400000US36047116600","Census Tract 1166, Kings County, New York","38021","7941",
"1400000US36047116800","Census Tract 1168, Kings County, New York","40588","13306",
"1400000US36047117000","Census Tract 1170, Kings County, New York","37634","11543",
"1400000US36047117201","Census Tract 1172.01, Kings County, New York","43529","13165",
"1400000US36047117202","Census Tract 1172.02, Kings County, New York","39697","14347",
"1400000US36047117400","Census Tract 1174, Kings County, New York","48556","12155",
"1400000US36047117601","Census Tract 1176.01, Kings County, New York","37829","8842",
"1400000US36047117602","Census Tract 1176.02, Kings County, New York","40169","11188",
"1400000US36047117800","Census Tract 1178, Kings County, New York","43672","23015",
"1400000US36047118000","Census Tract 1180, Kings County, New York","-","**",
"1400000US36047118201","Census Tract 1182.01, Kings County, New York","50643","10824",
"1400000US36047118202","Census Tract 1182.02, Kings County, New York","34223","19754",
"1400000US36047118400","Census Tract 1184, Kings County, New York","45180","8806",
"1400000US36047118600","Census Tract 1186, Kings County, New York","52554","4268",
"1400000US36047118800","Census Tract 1188, Kings County, New York","23686","2368",
"1400000US36047119000","Census Tract 1190, Kings County, New York","26484","19959",
"1400000US36047119200","Census Tract 1192, Kings County, New York","19643","23145",
"1400000US36047119400","Census Tract 1194, Kings County, New York","29844","20040",
"1400000US36047119600","Census Tract 1196, Kings County, New York","31453","7921",
"1400000US36047119800","Census Tract 1198, Kings County, New York","36812","6251",
"1400000US36047120000","Census Tract 1200, Kings County, New York","33421","7894",
"1400000US36047120200","Census Tract 1202, Kings County, New York","51750","32588",
"1400000US36047120800","Census Tract 1208, Kings County, New York","32418","5143",
"1400000US36047121000","Census Tract 1210, Kings County, New York","13205","5539",
"1400000US36047121400","Census Tract 1214, Kings County, New York","16169","2525",
"1400000US36047122000","Census Tract 1220, Kings County, New York","41645","6961",
"1400000US36047123700","Census Tract 1237, Kings County, New York","28652","6785",
"1400000US36047150200","Census Tract 1502, Kings County, New York","88711","11360",
"1400000US36047152200","Census Tract 1522, Kings County, New York","78125","12613",
"1400000US36047990100","Census Tract 9901, Kings County, New York","-","**",
