﻿"GEO_ID","NAME","B19013_001E","B19013_001M",
"Geography","Geographic Area Name","Estimate!!Median household income in the past 12 months (in 2023 inflation-adjusted dollars)","Margin of Error!!Median household income in the past 12 months (in 2023 inflation-adjusted dollars)",
"0400000US36","New York","84578","372",
"0500000US36047","Kings County, New York","78548","1052",
"1400000US36047000100","Census Tract 1; Kings County; New York","167778","49469",
"1400000US36047000200","Census Tract 2; Kings County; New York","81154","13883",
"1400000US36047000301","Census Tract 3.01; Kings County; New York","179250","56628",
"1400000US36047000501","Census Tract 5.01; Kings County; New York","144125","31956",
"1400000US36047000502","Census Tract 5.02; Kings County; New York","179185","13313",
"1400000US36047000700","Census Tract 7; Kings County; New York","189145","33836",
"1400000US36047000900","Census Tract 9; Kings County; New York","236222","54637",
"1400000US36047001100","Census Tract 11; Kings County; New York","164250","56168",
"1400000US36047001300","Census Tract 13; Kings County; New York","173000","50423",
"1400000US36047001501","Census Tract 15.01; Kings County; New York","114828","45937",
"1400000US36047001502","Census Tract 15.02; Kings County; New York","135022","13960",
"1400000US36047001801","Census Tract 18.01; Kings County; New York","-","**",
"1400000US36047001802","Census Tract 18.02; Kings County; New York","-","**",
"1400000US36047001803","Census Tract 18.03; Kings County; New York","-","**",
"1400000US36047001804","Census Tract 18.04; Kings County; New York","-","**",
"1400000US36047002000","Census Tract 20; Kings County; New York","78839","22417",
"1400000US36047002100","Census Tract 21; Kings County; New York","250,000+","***",
"1400000US36047002200","Census Tract 22; Kings County; New York","41429","6789",
"1400000US36047002300","Census Tract 23; Kings County; New York","25968","11849",
"1400000US36047002901","Census Tract 29.01; Kings County; New York","23832","15641",
"1400000US36047003000","Census Tract 30; Kings County; New York","128506","13345",
"1400000US36047003101","Census Tract 31.01; Kings County; New York","149650","47274",
"1400000US36047003102","Census Tract 31.02; Kings County; New York","-","**",
"1400000US36047003300","Census Tract 33; Kings County; New York","131173","41334",
"1400000US36047003400","Census Tract 34; Kings County; New York","111088","10284",
"1400000US36047003500","Census Tract 35; Kings County; New York","147829","31561",
"1400000US36047003600","Census Tract 36; Kings County; New York","89487","14041",
"1400000US36047003700","Census Tract 37; Kings County; New York","167917","23059",
"1400000US36047003800","Census Tract 38; Kings County; New York","144028","25835",
"1400000US36047003900","Census Tract 39; Kings County; New York","181518","56196",
"1400000US36047004100","Census Tract 41; Kings County; New York","221452","10514",
"1400000US36047004300","Census Tract 43; Kings County; New York","155859","17379",
"1400000US36047004400","Census Tract 44; Kings County; New York","139375","18356",
"1400000US36047004500","Census Tract 45; Kings County; New York","174609","24735",
"1400000US36047004600","Census Tract 46; Kings County; New York","139375","111905",
"1400000US36047004700","Census Tract 47; Kings County; New York","158125","45595",
"1400000US36047004900","Census Tract 49; Kings County; New York","143750","35923",
"1400000US36047005000","Census Tract 50; Kings County; New York","124167","40942",
"1400000US36047005100","Census Tract 51; Kings County; New York","173125","40372",
"1400000US36047005201","Census Tract 52.01; Kings County; New York","49125","41341",
"1400000US36047005202","Census Tract 52.02; Kings County; New York","106087","11747",
"1400000US36047005301","Census Tract 53.01; Kings County; New York","121136","35173",
"1400000US36047005302","Census Tract 53.02; Kings County; New York","134750","26533",
"1400000US36047005303","Census Tract 53.03; Kings County; New York","-","**",
"1400000US36047005400","Census Tract 54; Kings County; New York","81641","6727",
"1400000US36047005601","Census Tract 56.01; Kings County; New York","112569","37693",
"1400000US36047005602","Census Tract 56.02; Kings County; New York","99643","16800",
"1400000US36047005800","Census Tract 58; Kings County; New York","76111","9286",
"1400000US36047005900","Census Tract 59; Kings County; New York","99896","20158",
"1400000US36047006000","Census Tract 60; Kings County; New York","74107","23915",
"1400000US36047006200","Census Tract 62; Kings County; New York","80739","39675",
"1400000US36047006300","Census Tract 63; Kings County; New York","184091","14824",
"1400000US36047006400","Census Tract 64; Kings County; New York","100547","31564",
"1400000US36047006500","Census Tract 65; Kings County; New York","196433","17854",
"1400000US36047006600","Census Tract 66; Kings County; New York","101622","14757",
"1400000US36047006700","Census Tract 67; Kings County; New York","235455","40984",
"1400000US36047006800","Census Tract 68; Kings County; New York","76279","26114",
"1400000US36047006901","Census Tract 69.01; Kings County; New York","154531","42072",
"1400000US36047006902","Census Tract 69.02; Kings County; New York","229141","57902",
"1400000US36047007000","Census Tract 70; Kings County; New York","83138","20300",
"1400000US36047007100","Census Tract 71; Kings County; New York","65115","13147",
"1400000US36047007200","Census Tract 72; Kings County; New York","73125","25491",
"1400000US36047007400","Census Tract 74; Kings County; New York","72860","13591",
"1400000US36047007500","Census Tract 75; Kings County; New York","156556","47238",
"1400000US36047007600","Census Tract 76; Kings County; New York","61975","12834",
"1400000US36047007700","Census Tract 77; Kings County; New York","207551","30976",
"1400000US36047007800","Census Tract 78; Kings County; New York","71616","19442",
"1400000US36047008000","Census Tract 80; Kings County; New York","77552","19501",
"1400000US36047008200","Census Tract 82; Kings County; New York","43142","20072",
"1400000US36047008400","Census Tract 84; Kings County; New York","105670","29721",
"1400000US36047008500","Census Tract 85; Kings County; New York","24672","4651",
"1400000US36047008600","Census Tract 86; Kings County; New York","-","**",
"1400000US36047008800","Census Tract 88; Kings County; New York","83438","26713",
"1400000US36047009001","Census Tract 90.01; Kings County; New York","49500","29007",
"1400000US36047009002","Census Tract 90.02; Kings County; New York","61801","13310",
"1400000US36047009201","Census Tract 92.01; Kings County; New York","59148","32698",
"1400000US36047009202","Census Tract 92.02; Kings County; New York","54667","20915",
"1400000US36047009401","Census Tract 94.01; Kings County; New York","48304","12440",
"1400000US36047009402","Census Tract 94.02; Kings County; New York","82691","26473",
"1400000US36047009600","Census Tract 96; Kings County; New York","80253","7381",
"1400000US36047009800","Census Tract 98; Kings County; New York","57341","7651",
"1400000US36047010000","Census Tract 100; Kings County; New York","56350","12248",
"1400000US36047010100","Census Tract 101; Kings County; New York","112857","71512",
"1400000US36047010200","Census Tract 102; Kings County; New York","51250","11979",
"1400000US36047010401","Census Tract 104.01; Kings County; New York","56121","16592",
"1400000US36047010402","Census Tract 104.02; Kings County; New York","29803","13721",
"1400000US36047010601","Census Tract 106.01; Kings County; New York","46172","22283",
"1400000US36047010602","Census Tract 106.02; Kings County; New York","65615","15727",
"1400000US36047010801","Census Tract 108.01; Kings County; New York","62813","30745",
"1400000US36047010802","Census Tract 108.02; Kings County; New York","65227","21343",
"1400000US36047011000","Census Tract 110; Kings County; New York","83083","10815",
"1400000US36047011200","Census Tract 112; Kings County; New York","61400","13661",
"1400000US36047011400","Census Tract 114; Kings County; New York","72043","9581",
"1400000US36047011600","Census Tract 116; Kings County; New York","48469","6991",
"1400000US36047011700","Census Tract 117; Kings County; New York","124675","25577",
"1400000US36047011800","Census Tract 118; Kings County; New York","63125","20098",
"1400000US36047011901","Census Tract 119.01; Kings County; New York","139750","51430",
"1400000US36047011902","Census Tract 119.02; Kings County; New York","-","**",
"1400000US36047012000","Census Tract 120; Kings County; New York","71292","4046",
"1400000US36047012100","Census Tract 121; Kings County; New York","119801","13075",
"1400000US36047012200","Census Tract 122; Kings County; New York","50107","18765",
"1400000US36047012600","Census Tract 126; Kings County; New York","67679","20862",
"1400000US36047012700","Census Tract 127; Kings County; New York","73646","67636",
"1400000US36047012801","Census Tract 128.01; Kings County; New York","80433","19796",
"1400000US36047012901","Census Tract 129.01; Kings County; New York","244837","19728",
"1400000US36047012902","Census Tract 129.02; Kings County; New York","162377","35624",
"1400000US36047013000","Census Tract 130; Kings County; New York","79219","8475",
"1400000US36047013100","Census Tract 131; Kings County; New York","109875","32310",
"1400000US36047013200","Census Tract 132; Kings County; New York","83281","38368",
"1400000US36047013300","Census Tract 133; Kings County; New York","209286","35726",
"1400000US36047013400","Census Tract 134; Kings County; New York","105057","16632",
"1400000US36047013500","Census Tract 135; Kings County; New York","214028","37775",
"1400000US36047013600","Census Tract 136; Kings County; New York","92414","26668",
"1400000US36047013700","Census Tract 137; Kings County; New York","160652","32776",
"1400000US36047013800","Census Tract 138; Kings County; New York","99984","20528",
"1400000US36047013900","Census Tract 139; Kings County; New York","173226","22147",
"1400000US36047014000","Census Tract 140; Kings County; New York","59417","13297",
"1400000US36047014101","Census Tract 141.01; Kings County; New York","155625","49648",
"1400000US36047014102","Census Tract 141.02; Kings County; New York","148125","90374",
"1400000US36047014200","Census Tract 142; Kings County; New York","79444","21718",
"1400000US36047014300","Census Tract 143; Kings County; New York","128828","32826",
"1400000US36047014500","Census Tract 145; Kings County; New York","142200","37703",
"1400000US36047014700","Census Tract 147; Kings County; New York","159297","40620",
"1400000US36047014800","Census Tract 148; Kings County; New York","76103","26528",
"1400000US36047014901","Census Tract 149.01; Kings County; New York","162279","45142",
"1400000US36047014902","Census Tract 149.02; Kings County; New York","150202","55038",
"1400000US36047015000","Census Tract 150; Kings County; New York","103750","62167",
"1400000US36047015100","Census Tract 151; Kings County; New York","185357","26114",
"1400000US36047015200","Census Tract 152; Kings County; New York","79783","23989",
"1400000US36047015300","Census Tract 153; Kings County; New York","149956","40937",
"1400000US36047015400","Census Tract 154; Kings County; New York","-","**",
"1400000US36047015500","Census Tract 155; Kings County; New York","214340","58960",
"1400000US36047015700","Census Tract 157; Kings County; New York","198203","50608",
"1400000US36047015900","Census Tract 159; Kings County; New York","212109","41903",
"1400000US36047016000","Census Tract 160; Kings County; New York","88944","13492",
"1400000US36047016100","Census Tract 161; Kings County; New York","170893","35204",
"1400000US36047016200","Census Tract 162; Kings County; New York","98125","26497",
"1400000US36047016300","Census Tract 163; Kings County; New York","151923","48366",
"1400000US36047016400","Census Tract 164; Kings County; New York","126696","14715",
"1400000US36047016500","Census Tract 165; Kings County; New York","250,000+","***",
"1400000US36047016600","Census Tract 166; Kings County; New York","126250","38973",
"1400000US36047016700","Census Tract 167; Kings County; New York","193594","60287",
"1400000US36047016800","Census Tract 168; Kings County; New York","116991","10659",
"1400000US36047016900","Census Tract 169; Kings County; New York","154155","52534",
"1400000US36047017000","Census Tract 170; Kings County; New York","94926","25251",
"1400000US36047017100","Census Tract 171; Kings County; New York","168973","58507",
"1400000US36047017200","Census Tract 172; Kings County; New York","131513","62725",
"1400000US36047017400","Census Tract 174; Kings County; New York","107143","27371",
"1400000US36047017500","Census Tract 175; Kings County; New York","-","**",
"1400000US36047017600","Census Tract 176; Kings County; New York","97955","16101",
"1400000US36047017700","Census Tract 177; Kings County; New York","-","**",
"1400000US36047017800","Census Tract 178; Kings County; New York","75655","15740",
"1400000US36047017900","Census Tract 179; Kings County; New York","106106","12150",
"1400000US36047018000","Census Tract 180; Kings County; New York","58667","12310",
"1400000US36047018100","Census Tract 181; Kings County; New York","163382","35848",
"1400000US36047018200","Census Tract 182; Kings County; New York","73229","15755",
"1400000US36047018300","Census Tract 183; Kings County; New York","191944","49824",
"1400000US36047018400","Census Tract 184; Kings County; New York","76118","19792",
"1400000US36047018501","Census Tract 185.01; Kings County; New York","46029","12949",
"1400000US36047018600","Census Tract 186; Kings County; New York","83250","23871",
"1400000US36047018700","Census Tract 187; Kings County; New York","122115","41105",
"1400000US36047018800","Census Tract 188; Kings County; New York","50265","39106",
"1400000US36047019000","Census Tract 190; Kings County; New York","60645","28499",
"1400000US36047019100","Census Tract 191; Kings County; New York","160471","23808",
"1400000US36047019200","Census Tract 192; Kings County; New York","69327","12925",
"1400000US36047019300","Census Tract 193; Kings County; New York","75986","6320",
"1400000US36047019400","Census Tract 194; Kings County; New York","56140","37336",
"1400000US36047019500","Census Tract 195; Kings County; New York","116479","23484",
"1400000US36047019600","Census Tract 196; Kings County; New York","82044","27399",
"1400000US36047019700","Census Tract 197; Kings County; New York","131875","27491",
"1400000US36047019800","Census Tract 198; Kings County; New York","76973","16861",
"1400000US36047019900","Census Tract 199; Kings County; New York","131250","11007",
"1400000US36047020000","Census Tract 200; Kings County; New York","97875","18381",
"1400000US36047020100","Census Tract 201; Kings County; New York","153250","37675",
"1400000US36047020200","Census Tract 202; Kings County; New York","77434","38281",
"1400000US36047020300","Census Tract 203; Kings County; New York","171250","41153",
"1400000US36047020400","Census Tract 204; Kings County; New York","102368","24893",
"1400000US36047020500","Census Tract 205; Kings County; New York","162596","13239",
"1400000US36047020600","Census Tract 206; Kings County; New York","70806","18450",
"1400000US36047020700","Census Tract 207; Kings County; New York","184638","25513",
"1400000US36047020800","Census Tract 208; Kings County; New York","67114","30987",
"1400000US36047021000","Census Tract 210; Kings County; New York","72341","24009",
"1400000US36047021100","Census Tract 211; Kings County; New York","95236","23546",
"1400000US36047021200","Census Tract 212; Kings County; New York","61989","20790",
"1400000US36047021300","Census Tract 213; Kings County; New York","70109","20417",
"1400000US36047021400","Census Tract 214; Kings County; New York","69088","20068",
"1400000US36047021500","Census Tract 215; Kings County; New York","112650","41085",
"1400000US36047021600","Census Tract 216; Kings County; New York","41250","9108",
"1400000US36047021700","Census Tract 217; Kings County; New York","103269","23041",
"1400000US36047021800","Census Tract 218; Kings County; New York","68062","32437",
"1400000US36047021900","Census Tract 219; Kings County; New York","130970","33302",
"1400000US36047022000","Census Tract 220; Kings County; New York","51198","18686",
"1400000US36047022100","Census Tract 221; Kings County; New York","78156","19990",
"1400000US36047022200","Census Tract 222; Kings County; New York","50731","7818",
"1400000US36047022400","Census Tract 224; Kings County; New York","53084","13800",
"1400000US36047022600","Census Tract 226; Kings County; New York","84194","28198",
"1400000US36047022700","Census Tract 227; Kings County; New York","121250","23295",
"1400000US36047022800","Census Tract 228; Kings County; New York","65208","39526",
"1400000US36047022900","Census Tract 229; Kings County; New York","129886","11152",
"1400000US36047023000","Census Tract 230; Kings County; New York","51250","39191",
"1400000US36047023100","Census Tract 231; Kings County; New York","162933","30809",
"1400000US36047023200","Census Tract 232; Kings County; New York","67750","20256",
"1400000US36047023300","Census Tract 233; Kings County; New York","75990","57360",
"1400000US36047023400","Census Tract 234; Kings County; New York","37450","10045",
"1400000US36047023500","Census Tract 235; Kings County; New York","84175","26756",
"1400000US36047023600","Census Tract 236; Kings County; New York","32500","3186",
"1400000US36047023800","Census Tract 238; Kings County; New York","50566","12656",
"1400000US36047024000","Census Tract 240; Kings County; New York","47750","17207",
"1400000US36047024100","Census Tract 241; Kings County; New York","135968","55333",
"1400000US36047024200","Census Tract 242; Kings County; New York","60091","9866",
"1400000US36047024300","Census Tract 243; Kings County; New York","114142","38902",
"1400000US36047024400","Census Tract 244; Kings County; New York","67500","22242",
"1400000US36047024500","Census Tract 245; Kings County; New York","91758","22050",
"1400000US36047024600","Census Tract 246; Kings County; New York","80398","25970",
"1400000US36047024700","Census Tract 247; Kings County; New York","61250","43153",
"1400000US36047024800","Census Tract 248; Kings County; New York","75150","31614",
"1400000US36047024900","Census Tract 249; Kings County; New York","88771","21800",
"1400000US36047025000","Census Tract 250; Kings County; New York","48125","22155",
"1400000US36047025100","Census Tract 251; Kings County; New York","52011","11517",
"1400000US36047025200","Census Tract 252; Kings County; New York","54172","7796",
"1400000US36047025300","Census Tract 253; Kings County; New York","77328","48804",
"1400000US36047025400","Census Tract 254; Kings County; New York","85819","20321",
"1400000US36047025500","Census Tract 255; Kings County; New York","26833","13999",
"1400000US36047025600","Census Tract 256; Kings County; New York","68269","19806",
"1400000US36047025700","Census Tract 257; Kings County; New York","95263","44666",
"1400000US36047025800","Census Tract 258; Kings County; New York","65234","9354",
"1400000US36047025901","Census Tract 259.01; Kings County; New York","71964","33791",
"1400000US36047025902","Census Tract 259.02; Kings County; New York","21953","14271",
"1400000US36047026000","Census Tract 260; Kings County; New York","66120","18654",
"1400000US36047026100","Census Tract 261; Kings County; New York","86822","18391",
"1400000US36047026200","Census Tract 262; Kings County; New York","114625","21007",
"1400000US36047026300","Census Tract 263; Kings County; New York","82778","7371",
"1400000US36047026400","Census Tract 264; Kings County; New York","70151","11514",
"1400000US36047026500","Census Tract 265; Kings County; New York","84179","20450",
"1400000US36047026600","Census Tract 266; Kings County; New York","52192","5032",
"1400000US36047026700","Census Tract 267; Kings County; New York","106063","28904",
"1400000US36047026800","Census Tract 268; Kings County; New York","87836","18898",
"1400000US36047026900","Census Tract 269; Kings County; New York","83426","18861",
"1400000US36047027000","Census Tract 270; Kings County; New York","57792","24590",
"1400000US36047027100","Census Tract 271; Kings County; New York","98088","51040",
"1400000US36047027200","Census Tract 272; Kings County; New York","68250","32711",
"1400000US36047027300","Census Tract 273; Kings County; New York","111989","29502",
"1400000US36047027400","Census Tract 274; Kings County; New York","53949","14482",
"1400000US36047027500","Census Tract 275; Kings County; New York","104537","21500",
"1400000US36047027600","Census Tract 276; Kings County; New York","61811","15392",
"1400000US36047027700","Census Tract 277; Kings County; New York","75724","28738",
"1400000US36047027800","Census Tract 278; Kings County; New York","67913","3717",
"1400000US36047027900","Census Tract 279; Kings County; New York","83438","24064",
"1400000US36047028000","Census Tract 280; Kings County; New York","91250","26925",
"1400000US36047028100","Census Tract 281; Kings County; New York","57019","15484",
"1400000US36047028200","Census Tract 282; Kings County; New York","54219","25378",
"1400000US36047028300","Census Tract 283; Kings County; New York","49986","11087",
"1400000US36047028400","Census Tract 284; Kings County; New York","61587","13425",
"1400000US36047028501","Census Tract 285.01; Kings County; New York","56667","16792",
"1400000US36047028502","Census Tract 285.02; Kings County; New York","28466","19012",
"1400000US36047028600","Census Tract 286; Kings County; New York","43329","5969",
"1400000US36047028700","Census Tract 287; Kings County; New York","79350","38171",
"1400000US36047028800","Census Tract 288; Kings County; New York","70000","18455",
"1400000US36047028900","Census Tract 289; Kings County; New York","66691","45644",
"1400000US36047029000","Census Tract 290; Kings County; New York","60701","14935",
"1400000US36047029100","Census Tract 291; Kings County; New York","82356","18232",
"1400000US36047029200","Census Tract 292; Kings County; New York","48750","15963",
"1400000US36047029300","Census Tract 293; Kings County; New York","51364","40726",
"1400000US36047029400","Census Tract 294; Kings County; New York","61188","34868",
"1400000US36047029500","Census Tract 295; Kings County; New York","98603","29230",
"1400000US36047029600","Census Tract 296; Kings County; New York","76714","24078",
"1400000US36047029700","Census Tract 297; Kings County; New York","71382","30766",
"1400000US36047029800","Census Tract 298; Kings County; New York","60057","6806",
"1400000US36047029900","Census Tract 299; Kings County; New York","45395","23961",
"1400000US36047030000","Census Tract 300; Kings County; New York","75179","19331",
"1400000US36047030100","Census Tract 301; Kings County; New York","95441","41833",
"1400000US36047030200","Census Tract 302; Kings County; New York","72300","15233",
"1400000US36047030300","Census Tract 303; Kings County; New York","45197","17381",
"1400000US36047030400","Census Tract 304; Kings County; New York","65000","16769",
"1400000US36047030500","Census Tract 305; Kings County; New York","124792","31524",
"1400000US36047030600","Census Tract 306; Kings County; New York","70417","18788",
"1400000US36047030700","Census Tract 307; Kings County; New York","51134","15820",
"1400000US36047030800","Census Tract 308; Kings County; New York","77500","47564",
"1400000US36047030900","Census Tract 309; Kings County; New York","76278","20195",
"1400000US36047031100","Census Tract 311; Kings County; New York","90250","20716",
"1400000US36047031300","Census Tract 313; Kings County; New York","102782","35568",
"1400000US36047031401","Census Tract 314.01; Kings County; New York","87411","24735",
"1400000US36047031402","Census Tract 314.02; Kings County; New York","-","**",
"1400000US36047031500","Census Tract 315; Kings County; New York","96461","15605",
"1400000US36047031701","Census Tract 317.01; Kings County; New York","94335","23584",
"1400000US36047031702","Census Tract 317.02; Kings County; New York","112113","7311",
"1400000US36047031900","Census Tract 319; Kings County; New York","98201","16619",
"1400000US36047032100","Census Tract 321; Kings County; New York","67292","25456",
"1400000US36047032300","Census Tract 323; Kings County; New York","84015","18035",
"1400000US36047032500","Census Tract 325; Kings County; New York","92274","10846",
"1400000US36047032600","Census Tract 326; Kings County; New York","48238","20123",
"1400000US36047032700","Census Tract 327; Kings County; New York","71980","9412",
"1400000US36047032800","Census Tract 328; Kings County; New York","47587","20992",
"1400000US36047032900","Census Tract 329; Kings County; New York","102868","36855",
"1400000US36047033000","Census Tract 330; Kings County; New York","19619","6346",
"1400000US36047033100","Census Tract 331; Kings County; New York","50293","16255",
"1400000US36047033300","Census Tract 333; Kings County; New York","62253","27869",
"1400000US36047033500","Census Tract 335; Kings County; New York","92935","20090",
"1400000US36047033600","Census Tract 336; Kings County; New York","82798","30949",
"1400000US36047033701","Census Tract 337.01; Kings County; New York","90083","41754",
"1400000US36047033702","Census Tract 337.02; Kings County; New York","84941","10347",
"1400000US36047033900","Census Tract 339; Kings County; New York","57475","24648",
"1400000US36047034000","Census Tract 340; Kings County; New York","31413","4976",
"1400000US36047034100","Census Tract 341; Kings County; New York","49638","45674",
"1400000US36047034200","Census Tract 342; Kings County; New York","20120","5172",
"1400000US36047034300","Census Tract 343; Kings County; New York","50417","31206",
"1400000US36047034500","Census Tract 345; Kings County; New York","57937","7551",
"1400000US36047034700","Census Tract 347; Kings County; New York","52644","30509",
"1400000US36047034800","Census Tract 348; Kings County; New York","53485","15360",
"1400000US36047034901","Census Tract 349.01; Kings County; New York","65868","33600",
"1400000US36047034902","Census Tract 349.02; Kings County; New York","46571","26123",
"1400000US36047035000","Census Tract 350; Kings County; New York","54150","7269",
"1400000US36047035101","Census Tract 351.01; Kings County; New York","52987","8517",
"1400000US36047035102","Census Tract 351.02; Kings County; New York","49688","14331",
"1400000US36047035200","Census Tract 352; Kings County; New York","12170","2212",
"1400000US36047035301","Census Tract 353.01; Kings County; New York","49222","18278",
"1400000US36047035302","Census Tract 353.02; Kings County; New York","84052","35698",
"1400000US36047035400","Census Tract 354; Kings County; New York","50559","21595",
"1400000US36047035500","Census Tract 355; Kings County; New York","75965","16789",
"1400000US36047035601","Census Tract 356.01; Kings County; New York","31525","7928",
"1400000US36047035602","Census Tract 356.02; Kings County; New York","58372","10317",
"1400000US36047035701","Census Tract 357.01; Kings County; New York","49288","7719",
"1400000US36047035702","Census Tract 357.02; Kings County; New York","-","**",
"1400000US36047035900","Census Tract 359; Kings County; New York","66582","12647",
"1400000US36047036001","Census Tract 360.01; Kings County; New York","32071","10708",
"1400000US36047036002","Census Tract 360.02; Kings County; New York","25085","16825",
"1400000US36047036100","Census Tract 361; Kings County; New York","26250","8352",
"1400000US36047036200","Census Tract 362; Kings County; New York","52340","20567",
"1400000US36047036300","Census Tract 363; Kings County; New York","45565","20227",
"1400000US36047036400","Census Tract 364; Kings County; New York","59938","10272",
"1400000US36047036501","Census Tract 365.01; Kings County; New York","63864","33065",
"1400000US36047036502","Census Tract 365.02; Kings County; New York","62740","33581",
"1400000US36047036600","Census Tract 366; Kings County; New York","48278","4640",
"1400000US36047036700","Census Tract 367; Kings County; New York","68438","27238",
"1400000US36047036900","Census Tract 369; Kings County; New York","39513","13603",
"1400000US36047037000","Census Tract 370; Kings County; New York","82500","30697",
"1400000US36047037100","Census Tract 371; Kings County; New York","91285","12911",
"1400000US36047037300","Census Tract 373; Kings County; New York","81220","31062",
"1400000US36047037401","Census Tract 374.01; Kings County; New York","58560","24766",
"1400000US36047037402","Census Tract 374.02; Kings County; New York","62857","13395",
"1400000US36047037500","Census Tract 375; Kings County; New York","92955","16133",
"1400000US36047037700","Census Tract 377; Kings County; New York","66302","29169",
"1400000US36047037900","Census Tract 379; Kings County; New York","59333","22581",
"1400000US36047038100","Census Tract 381; Kings County; New York","68790","15602",
"1400000US36047038200","Census Tract 382; Kings County; New York","24170","6006",
"1400000US36047038300","Census Tract 383; Kings County; New York","85254","12891",
"1400000US36047038500","Census Tract 385; Kings County; New York","96602","19387",
"1400000US36047038600","Census Tract 386; Kings County; New York","74886","30708",
"1400000US36047038700","Census Tract 387; Kings County; New York","79550","19033",
"1400000US36047038800","Census Tract 388; Kings County; New York","94612","25785",
"1400000US36047038900","Census Tract 389; Kings County; New York","95330","15787",
"1400000US36047039000","Census Tract 390; Kings County; New York","79682","9782",
"1400000US36047039100","Census Tract 391; Kings County; New York","101785","8542",
"1400000US36047039200","Census Tract 392; Kings County; New York","56375","10468",
"1400000US36047039300","Census Tract 393; Kings County; New York","115435","32234",
"1400000US36047039400","Census Tract 394; Kings County; New York","40833","27107",
"1400000US36047039500","Census Tract 395; Kings County; New York","82875","19559",
"1400000US36047039600","Census Tract 396; Kings County; New York","86500","32639",
"1400000US36047039700","Census Tract 397; Kings County; New York","85486","11430",
"1400000US36047039800","Census Tract 398; Kings County; New York","87245","13114",
"1400000US36047039900","Census Tract 399; Kings County; New York","50592","20080",
"1400000US36047040000","Census Tract 400; Kings County; New York","51307","16912",
"1400000US36047040100","Census Tract 401; Kings County; New York","76250","37513",
"1400000US36047040200","Census Tract 402; Kings County; New York","70486","43890",
"1400000US36047040300","Census Tract 403; Kings County; New York","90773","12929",
"1400000US36047040400","Census Tract 404; Kings County; New York","100833","41917",
"1400000US36047040500","Census Tract 405; Kings County; New York","70091","4513",
"1400000US36047040600","Census Tract 406; Kings County; New York","77763","11651",
"1400000US36047040700","Census Tract 407; Kings County; New York","-","**",
"1400000US36047040800","Census Tract 408; Kings County; New York","92739","38459",
"1400000US36047040900","Census Tract 409; Kings County; New York","66864","9470",
"1400000US36047041000","Census Tract 410; Kings County; New York","75288","36173",
"1400000US36047041100","Census Tract 411; Kings County; New York","80169","21321",
"1400000US36047041200","Census Tract 412; Kings County; New York","98056","39275",
"1400000US36047041300","Census Tract 413; Kings County; New York","107131","30534",
"1400000US36047041401","Census Tract 414.01; Kings County; New York","58750","37091",
"1400000US36047041402","Census Tract 414.02; Kings County; New York","56579","34437",
"1400000US36047041500","Census Tract 415; Kings County; New York","94470","8777",
"1400000US36047041600","Census Tract 416; Kings County; New York","67679","20501",
"1400000US36047041700","Census Tract 417; Kings County; New York","33981","8540",
"1400000US36047041800","Census Tract 418; Kings County; New York","60833","32899",
"1400000US36047041900","Census Tract 419; Kings County; New York","65046","40576",
"1400000US36047042000","Census Tract 420; Kings County; New York","85332","7728",
"1400000US36047042100","Census Tract 421; Kings County; New York","92635","23085",
"1400000US36047042200","Census Tract 422; Kings County; New York","68684","39550",
"1400000US36047042300","Census Tract 423; Kings County; New York","113750","30309",
"1400000US36047042400","Census Tract 424; Kings County; New York","70585","7526",
"1400000US36047042500","Census Tract 425; Kings County; New York","90392","25657",
"1400000US36047042600","Census Tract 426; Kings County; New York","62219","33861",
"1400000US36047042700","Census Tract 427; Kings County; New York","84779","17218",
"1400000US36047042800","Census Tract 428; Kings County; New York","85625","17051",
"1400000US36047042900","Census Tract 429; Kings County; New York","66250","16059",
"1400000US36047043000","Census Tract 430; Kings County; New York","57487","38348",
"1400000US36047043100","Census Tract 431; Kings County; New York","89548","14471",
"1400000US36047043200","Census Tract 432; Kings County; New York","88088","16375",
"1400000US36047043300","Census Tract 433; Kings County; New York","44975","20928",
"1400000US36047043400","Census Tract 434; Kings County; New York","68333","29168",
"1400000US36047043500","Census Tract 435; Kings County; New York","86367","41850",
"1400000US36047043600","Census Tract 436; Kings County; New York","79464","33587",
"1400000US36047043700","Census Tract 437; Kings County; New York","62054","32361",
"1400000US36047043800","Census Tract 438; Kings County; New York","74808","12744",
"1400000US36047043900","Census Tract 439; Kings County; New York","91742","13035",
"1400000US36047044000","Census Tract 440; Kings County; New York","89831","11926",
"1400000US36047044100","Census Tract 441; Kings County; New York","66866","22570",
"1400000US36047044200","Census Tract 442; Kings County; New York","72857","26695",
"1400000US36047044300","Census Tract 443; Kings County; New York","91908","15981",
"1400000US36047044400","Census Tract 444; Kings County; New York","71929","32433",
"1400000US36047044500","Census Tract 445; Kings County; New York","85741","6802",
"1400000US36047044600","Census Tract 446; Kings County; New York","65037","21423",
"1400000US36047044700","Census Tract 447; Kings County; New York","90774","23429",
"1400000US36047044800","Census Tract 448; Kings County; New York","86932","17536",
"1400000US36047044901","Census Tract 449.01; Kings County; New York","61451","24512",
"1400000US36047044902","Census Tract 449.02; Kings County; New York","-","**",
"1400000US36047045000","Census Tract 450; Kings County; New York","88558","31913",
"1400000US36047045200","Census Tract 452; Kings County; New York","74236","17112",
"1400000US36047045300","Census Tract 453; Kings County; New York","66856","9844",
"1400000US36047045400","Census Tract 454; Kings County; New York","90859","14698",
"1400000US36047045600","Census Tract 456; Kings County; New York","76047","22830",
"1400000US36047045800","Census Tract 458; Kings County; New York","68393","36968",
"1400000US36047046000","Census Tract 460; Kings County; New York","105900","33794",
"1400000US36047046201","Census Tract 462.01; Kings County; New York","43711","22818",
"1400000US36047046202","Census Tract 462.02; Kings County; New York","91328","36038",
"1400000US36047046400","Census Tract 464; Kings County; New York","68315","20087",
"1400000US36047046800","Census Tract 468; Kings County; New York","40250","14146",
"1400000US36047047000","Census Tract 470; Kings County; New York","67303","15204",
"1400000US36047047200","Census Tract 472; Kings County; New York","72153","43525",
"1400000US36047047400","Census Tract 474; Kings County; New York","64625","19430",
"1400000US36047047600","Census Tract 476; Kings County; New York","75026","38671",
"1400000US36047047700","Census Tract 477; Kings County; New York","174977","27361",
"1400000US36047047800","Census Tract 478; Kings County; New York","57591","12524",
"1400000US36047048000","Census Tract 480; Kings County; New York","43074","17643",
"1400000US36047048100","Census Tract 481; Kings County; New York","96031","19388",
"1400000US36047048200","Census Tract 482; Kings County; New York","58071","15464",
"1400000US36047048400","Census Tract 484; Kings County; New York","86908","17121",
"1400000US36047048500","Census Tract 485; Kings County; New York","125417","49612",
"1400000US36047048600","Census Tract 486; Kings County; New York","61281","10117",
"1400000US36047048800","Census Tract 488; Kings County; New York","74012","21326",
"1400000US36047048900","Census Tract 489; Kings County; New York","33102","24029",
"1400000US36047049000","Census Tract 490; Kings County; New York","73988","20755",
"1400000US36047049100","Census Tract 491; Kings County; New York","46933","16310",
"1400000US36047049200","Census Tract 492; Kings County; New York","111964","38002",
"1400000US36047049301","Census Tract 493.01; Kings County; New York","22521","6981",
"1400000US36047049302","Census Tract 493.02; Kings County; New York","71328","31229",
"1400000US36047049400","Census Tract 494; Kings County; New York","100878","8658",
"1400000US36047049500","Census Tract 495; Kings County; New York","96875","21852",
"1400000US36047049600","Census Tract 496; Kings County; New York","79213","41928",
"1400000US36047049700","Census Tract 497; Kings County; New York","142054","12956",
"1400000US36047049800","Census Tract 498; Kings County; New York","79632","40108",
"1400000US36047049900","Census Tract 499; Kings County; New York","112321","18134",
"1400000US36047050001","Census Tract 500.01; Kings County; New York","120787","30580",
"1400000US36047050002","Census Tract 500.02; Kings County; New York","167604","71364",
"1400000US36047050100","Census Tract 501; Kings County; New York","132159","46149",
"1400000US36047050202","Census Tract 502.02; Kings County; New York","96310","56840",
"1400000US36047050300","Census Tract 503; Kings County; New York","168029","13935",
"1400000US36047050401","Census Tract 504.01; Kings County; New York","152739","14669",
"1400000US36047050402","Census Tract 504.02; Kings County; New York","171681","84893",
"1400000US36047050500","Census Tract 505; Kings County; New York","82541","34268",
"1400000US36047050600","Census Tract 506; Kings County; New York","69977","19781",
"1400000US36047050700","Census Tract 507; Kings County; New York","58125","17505",
"1400000US36047050801","Census Tract 508.01; Kings County; New York","69446","11952",
"1400000US36047050803","Census Tract 508.03; Kings County; New York","79242","20555",
"1400000US36047050804","Census Tract 508.04; Kings County; New York","108871","6848",
"1400000US36047050900","Census Tract 509; Kings County; New York","40598","15336",
"1400000US36047051001","Census Tract 510.01; Kings County; New York","58877","14821",
"1400000US36047051002","Census Tract 510.02; Kings County; New York","64128","10211",
"1400000US36047051100","Census Tract 511; Kings County; New York","85383","19075",
"1400000US36047051200","Census Tract 512; Kings County; New York","82240","17746",
"1400000US36047051300","Census Tract 513; Kings County; New York","133132","32031",
"1400000US36047051400","Census Tract 514; Kings County; New York","88929","22229",
"1400000US36047051500","Census Tract 515; Kings County; New York","226450","41662",
"1400000US36047051601","Census Tract 516.01; Kings County; New York","68202","7208",
"1400000US36047051602","Census Tract 516.02; Kings County; New York","80341","17985",
"1400000US36047051700","Census Tract 517; Kings County; New York","220795","29803",
"1400000US36047051800","Census Tract 518; Kings County; New York","101985","19769",
"1400000US36047051900","Census Tract 519; Kings County; New York","212881","28506",
"1400000US36047052000","Census Tract 520; Kings County; New York","121325","23128",
"1400000US36047052300","Census Tract 523; Kings County; New York","77976","36986",
"1400000US36047052500","Census Tract 525; Kings County; New York","51393","15333",
"1400000US36047052600","Census Tract 526; Kings County; New York","88520","14798",
"1400000US36047052700","Census Tract 527; Kings County; New York","63608","16536",
"1400000US36047052800","Census Tract 528; Kings County; New York","120670","24842",
"1400000US36047052900","Census Tract 529; Kings County; New York","41576","7385",
"1400000US36047053000","Census Tract 530; Kings County; New York","76684","14700",
"1400000US36047053101","Census Tract 531.01; Kings County; New York","-","**",
"1400000US36047053102","Census Tract 531.02; Kings County; New York","68487","11479",
"1400000US36047053200","Census Tract 532; Kings County; New York","67273","25217",
"1400000US36047053300","Census Tract 533; Kings County; New York","34889","17309",
"1400000US36047053400","Census Tract 534; Kings County; New York","67240","25357",
"1400000US36047053500","Census Tract 535; Kings County; New York","24912","11277",
"1400000US36047053700","Census Tract 537; Kings County; New York","42471","25690",
"1400000US36047053800","Census Tract 538; Kings County; New York","70978","16385",
"1400000US36047053900","Census Tract 539; Kings County; New York","43688","26303",
"1400000US36047054200","Census Tract 542; Kings County; New York","57472","32367",
"1400000US36047054300","Census Tract 543; Kings County; New York","-","**",
"1400000US36047054400","Census Tract 544; Kings County; New York","67500","35776",
"1400000US36047054500","Census Tract 545; Kings County; New York","36559","15201",
"1400000US36047054600","Census Tract 546; Kings County; New York","71667","20395",
"1400000US36047054700","Census Tract 547; Kings County; New York","91108","24746",
"1400000US36047054800","Census Tract 548; Kings County; New York","100104","54375",
"1400000US36047054900","Census Tract 549; Kings County; New York","171250","50423",
"1400000US36047055000","Census Tract 550; Kings County; New York","59632","11690",
"1400000US36047055100","Census Tract 551; Kings County; New York","162577","33061",
"1400000US36047055200","Census Tract 552; Kings County; New York","107734","22602",
"1400000US36047055300","Census Tract 553; Kings County; New York","141250","39992",
"1400000US36047055400","Census Tract 554; Kings County; New York","61740","13809",
"1400000US36047055500","Census Tract 555; Kings County; New York","188015","27906",
"1400000US36047055600","Census Tract 556; Kings County; New York","68589","13290",
"1400000US36047055700","Census Tract 557; Kings County; New York","146765","43628",
"1400000US36047055800","Census Tract 558; Kings County; New York","69063","25849",
"1400000US36047056000","Census Tract 560; Kings County; New York","72283","37388",
"1400000US36047056100","Census Tract 561; Kings County; New York","160810","27821",
"1400000US36047056200","Census Tract 562; Kings County; New York","92500","50331",
"1400000US36047056301","Census Tract 563.01; Kings County; New York","146458","34006",
"1400000US36047056302","Census Tract 563.02; Kings County; New York","74732","17238",
"1400000US36047056400","Census Tract 564; Kings County; New York","84128","21872",
"1400000US36047056500","Census Tract 565; Kings County; New York","118032","22890",
"1400000US36047056600","Census Tract 566; Kings County; New York","73929","18684",
"1400000US36047056800","Census Tract 568; Kings County; New York","74476","11913",
"1400000US36047056900","Census Tract 569; Kings County; New York","164519","41743",
"1400000US36047057000","Census Tract 570; Kings County; New York","78184","6855",
"1400000US36047057100","Census Tract 571; Kings County; New York","117832","37891",
"1400000US36047057200","Census Tract 572; Kings County; New York","40428","16548",
"1400000US36047057300","Census Tract 573; Kings County; New York","148875","30345",
"1400000US36047057400","Census Tract 574; Kings County; New York","94231","14968",
"1400000US36047057500","Census Tract 575; Kings County; New York","128304","21058",
"1400000US36047057600","Census Tract 576; Kings County; New York","92719","50648",
"1400000US36047057800","Census Tract 578; Kings County; New York","46746","24998",
"1400000US36047057901","Census Tract 579.01; Kings County; New York","137366","43491",
"1400000US36047057902","Census Tract 579.02; Kings County; New York","-","**",
"1400000US36047058000","Census Tract 580; Kings County; New York","41278","18551",
"1400000US36047058200","Census Tract 582; Kings County; New York","57143","23873",
"1400000US36047058400","Census Tract 584; Kings County; New York","69643","6726",
"1400000US36047058600","Census Tract 586; Kings County; New York","84176","10733",
"1400000US36047058800","Census Tract 588; Kings County; New York","115865","30323",
"1400000US36047058901","Census Tract 589.01; Kings County; New York","110313","31382",
"1400000US36047058902","Census Tract 589.02; Kings County; New York","-","**",
"1400000US36047059000","Census Tract 590; Kings County; New York","97567","25620",
"1400000US36047059100","Census Tract 591; Kings County; New York","135339","22015",
"1400000US36047059200","Census Tract 592; Kings County; New York","58063","32593",
"1400000US36047059300","Census Tract 593; Kings County; New York","106544","16354",
"1400000US36047059402","Census Tract 594.02; Kings County; New York","74917","31191",
"1400000US36047059403","Census Tract 594.03; Kings County; New York","63750","47049",
"1400000US36047059404","Census Tract 594.04; Kings County; New York","62854","14124",
"1400000US36047059600","Census Tract 596; Kings County; New York","56359","26851",
"1400000US36047059800","Census Tract 598; Kings County; New York","81724","6572",
"1400000US36047060000","Census Tract 600; Kings County; New York","99383","29891",
"1400000US36047060600","Census Tract 606; Kings County; New York","64353","31658",
"1400000US36047060800","Census Tract 608; Kings County; New York","65705","27177",
"1400000US36047061002","Census Tract 610.02; Kings County; New York","75132","31191",
"1400000US36047061003","Census Tract 610.03; Kings County; New York","50361","4250",
"1400000US36047061004","Census Tract 610.04; Kings County; New York","38443","5625",
"1400000US36047061200","Census Tract 612; Kings County; New York","153854","39069",
"1400000US36047061600","Census Tract 616; Kings County; New York","168438","57734",
"1400000US36047062000","Census Tract 620; Kings County; New York","91486","19024",
"1400000US36047062200","Census Tract 622; Kings County; New York","68997","46702",
"1400000US36047062600","Census Tract 626; Kings County; New York","65694","18234",
"1400000US36047062800","Census Tract 628; Kings County; New York","111894","11555",
"1400000US36047063200","Census Tract 632; Kings County; New York","79500","22691",
"1400000US36047063600","Census Tract 636; Kings County; New York","142986","22377",
"1400000US36047063800","Census Tract 638; Kings County; New York","104091","44249",
"1400000US36047064000","Census Tract 640; Kings County; New York","144857","38603",
"1400000US36047064200","Census Tract 642; Kings County; New York","68319","24206",
"1400000US36047064400","Census Tract 644; Kings County; New York","95833","37488",
"1400000US36047064600","Census Tract 646; Kings County; New York","96462","19543",
"1400000US36047064800","Census Tract 648; Kings County; New York","110156","30836",
"1400000US36047065000","Census Tract 650; Kings County; New York","90254","12813",
"1400000US36047065200","Census Tract 652; Kings County; New York","92969","35604",
"1400000US36047065400","Census Tract 654; Kings County; New York","127143","27605",
"1400000US36047065600","Census Tract 656; Kings County; New York","122708","22961",
"1400000US36047065800","Census Tract 658; Kings County; New York","94400","35997",
"1400000US36047066000","Census Tract 660; Kings County; New York","150219","21937",
"1400000US36047066200","Census Tract 662; Kings County; New York","63681","36186",
"1400000US36047066600","Census Tract 666; Kings County; New York","-","**",
"1400000US36047067000","Census Tract 670; Kings County; New York","88920","6268",
"1400000US36047067200","Census Tract 672; Kings County; New York","81834","36190",
"1400000US36047067400","Census Tract 674; Kings County; New York","122609","25386",
"1400000US36047067600","Census Tract 676; Kings County; New York","124934","27511",
"1400000US36047067800","Census Tract 678; Kings County; New York","95044","21381",
"1400000US36047068000","Census Tract 680; Kings County; New York","93994","39600",
"1400000US36047068200","Census Tract 682; Kings County; New York","118611","40008",
"1400000US36047068600","Census Tract 686; Kings County; New York","107431","21626",
"1400000US36047068800","Census Tract 688; Kings County; New York","91000","9497",
"1400000US36047069000","Census Tract 690; Kings County; New York","127989","44077",
"1400000US36047069200","Census Tract 692; Kings County; New York","92717","17261",
"1400000US36047069601","Census Tract 696.01; Kings County; New York","98607","30637",
"1400000US36047069602","Census Tract 696.02; Kings County; New York","101724","29891",
"1400000US36047069800","Census Tract 698; Kings County; New York","126500","49086",
"1400000US36047070000","Census Tract 700; Kings County; New York","93493","9351",
"1400000US36047070201","Census Tract 702.01; Kings County; New York","117604","20986",
"1400000US36047070202","Census Tract 702.02; Kings County; New York","-","**",
"1400000US36047070203","Census Tract 702.03; Kings County; New York","-","**",
"1400000US36047070601","Census Tract 706.01; Kings County; New York","145577","24257",
"1400000US36047070602","Census Tract 706.02; Kings County; New York","-","**",
"1400000US36047072000","Census Tract 720; Kings County; New York","72619","17626",
"1400000US36047072200","Census Tract 722; Kings County; New York","55068","28225",
"1400000US36047072400","Census Tract 724; Kings County; New York","65722","22286",
"1400000US36047072600","Census Tract 726; Kings County; New York","101250","40585",
"1400000US36047072800","Census Tract 728; Kings County; New York","64654","22174",
"1400000US36047073000","Census Tract 730; Kings County; New York","137244","18287",
"1400000US36047073200","Census Tract 732; Kings County; New York","87908","22697",
"1400000US36047073400","Census Tract 734; Kings County; New York","124205","43215",
"1400000US36047073600","Census Tract 736; Kings County; New York","79256","22082",
"1400000US36047073800","Census Tract 738; Kings County; New York","57222","27383",
"1400000US36047074000","Census Tract 740; Kings County; New York","79688","36961",
"1400000US36047074200","Census Tract 742; Kings County; New York","72635","16652",
"1400000US36047074400","Census Tract 744; Kings County; New York","145929","59505",
"1400000US36047074600","Census Tract 746; Kings County; New York","85587","18584",
"1400000US36047074800","Census Tract 748; Kings County; New York","79808","31318",
"1400000US36047075000","Census Tract 750; Kings County; New York","105881","17499",
"1400000US36047075200","Census Tract 752; Kings County; New York","162938","41076",
"1400000US36047075400","Census Tract 754; Kings County; New York","116726","109429",
"1400000US36047075600","Census Tract 756; Kings County; New York","87885","40007",
"1400000US36047075800","Census Tract 758; Kings County; New York","58314","11757",
"1400000US36047076000","Census Tract 760; Kings County; New York","65795","22415",
"1400000US36047076200","Census Tract 762; Kings County; New York","43365","36338",
"1400000US36047076400","Census Tract 764; Kings County; New York","79868","14697",
"1400000US36047076600","Census Tract 766; Kings County; New York","74773","32704",
"1400000US36047076800","Census Tract 768; Kings County; New York","61354","25676",
"1400000US36047077000","Census Tract 770; Kings County; New York","84476","25570",
"1400000US36047077200","Census Tract 772; Kings County; New York","75739","24908",
"1400000US36047077400","Census Tract 774; Kings County; New York","76061","7251",
"1400000US36047077600","Census Tract 776; Kings County; New York","72240","20329",
"1400000US36047078000","Census Tract 780; Kings County; New York","117232","39631",
"1400000US36047078200","Census Tract 782; Kings County; New York","59422","16367",
"1400000US36047078400","Census Tract 784; Kings County; New York","93409","11474",
"1400000US36047078601","Census Tract 786.01; Kings County; New York","84458","24393",
"1400000US36047078602","Census Tract 786.02; Kings County; New York","62237","20942",
"1400000US36047078801","Census Tract 788.01; Kings County; New York","58493","2888",
"1400000US36047078802","Census Tract 788.02; Kings County; New York","51037","12936",
"1400000US36047079001","Census Tract 790.01; Kings County; New York","68977","62303",
"1400000US36047079002","Census Tract 790.02; Kings County; New York","59896","24900",
"1400000US36047079201","Census Tract 792.01; Kings County; New York","86434","57206",
"1400000US36047079202","Census Tract 792.02; Kings County; New York","91143","21836",
"1400000US36047079400","Census Tract 794; Kings County; New York","97500","53345",
"1400000US36047079601","Census Tract 796.01; Kings County; New York","71509","23506",
"1400000US36047079602","Census Tract 796.02; Kings County; New York","87847","31763",
"1400000US36047079801","Census Tract 798.01; Kings County; New York","79054","33252",
"1400000US36047079802","Census Tract 798.02; Kings County; New York","98516","18584",
"1400000US36047080000","Census Tract 800; Kings County; New York","106250","48767",
"1400000US36047080200","Census Tract 802; Kings County; New York","96627","16236",
"1400000US36047080400","Census Tract 804; Kings County; New York","56250","24985",
"1400000US36047080600","Census Tract 806; Kings County; New York","68400","9033",
"1400000US36047080800","Census Tract 808; Kings County; New York","12132","1444",
"1400000US36047081000","Census Tract 810; Kings County; New York","83362","22779",
"1400000US36047081400","Census Tract 814; Kings County; New York","52250","47314",
"1400000US36047081600","Census Tract 816; Kings County; New York","109043","17579",
"1400000US36047081800","Census Tract 818; Kings County; New York","73463","15972",
"1400000US36047082000","Census Tract 820; Kings County; New York","61548","27866",
"1400000US36047082200","Census Tract 822; Kings County; New York","87104","11368",
"1400000US36047082400","Census Tract 824; Kings County; New York","69886","26791",
"1400000US36047082600","Census Tract 826; Kings County; New York","69732","13998",
"1400000US36047082800","Census Tract 828; Kings County; New York","74076","35209",
"1400000US36047083000","Census Tract 830; Kings County; New York","81016","26436",
"1400000US36047083200","Census Tract 832; Kings County; New York","97104","23035",
"1400000US36047083400","Census Tract 834; Kings County; New York","90625","35204",
"1400000US36047083600","Census Tract 836; Kings County; New York","82464","24751",
"1400000US36047083800","Census Tract 838; Kings County; New York","58625","17480",
"1400000US36047084000","Census Tract 840; Kings County; New York","76607","28814",
"1400000US36047084600","Census Tract 846; Kings County; New York","68555","17369",
"1400000US36047084800","Census Tract 848; Kings County; New York","92578","40552",
"1400000US36047085000","Census Tract 850; Kings County; New York","120179","35746",
"1400000US36047085200","Census Tract 852; Kings County; New York","-","**",
"1400000US36047085400","Census Tract 854; Kings County; New York","71042","18209",
"1400000US36047085600","Census Tract 856; Kings County; New York","91061","21899",
"1400000US36047085800","Census Tract 858; Kings County; New York","57105","26687",
"1400000US36047086000","Census Tract 860; Kings County; New York","75528","11199",
"1400000US36047086200","Census Tract 862; Kings County; New York","56386","20144",
"1400000US36047086400","Census Tract 864; Kings County; New York","62206","18617",
"1400000US36047086600","Census Tract 866; Kings County; New York","77728","6290",
"1400000US36047086800","Census Tract 868; Kings County; New York","47708","14833",
"1400000US36047087000","Census Tract 870; Kings County; New York","57366","19869",
"1400000US36047087200","Census Tract 872; Kings County; New York","80372","24836",
"1400000US36047087401","Census Tract 874.01; Kings County; New York","35298","6375",
"1400000US36047087600","Census Tract 876; Kings County; New York","46789","3880",
"1400000US36047087800","Census Tract 878; Kings County; New York","57900","9753",
"1400000US36047088001","Census Tract 880.01; Kings County; New York","60500","21498",
"1400000US36047088002","Census Tract 880.02; Kings County; New York","103529","54752",
"1400000US36047088200","Census Tract 882; Kings County; New York","48028","9193",
"1400000US36047088400","Census Tract 884; Kings County; New York","47269","23274",
"1400000US36047088600","Census Tract 886; Kings County; New York","54158","8673",
"1400000US36047088800","Census Tract 888; Kings County; New York","61346","18960",
"1400000US36047089000","Census Tract 890; Kings County; New York","59583","17652",
"1400000US36047089200","Census Tract 892; Kings County; New York","31496","11341",
"1400000US36047089400","Census Tract 894; Kings County; New York","62157","37477",
"1400000US36047089600","Census Tract 896; Kings County; New York","-","**",
"1400000US36047089800","Census Tract 898; Kings County; New York","79554","31173",
"1400000US36047090000","Census Tract 900; Kings County; New York","22396","18644",
"1400000US36047090200","Census Tract 902; Kings County; New York","42424","30281",
"1400000US36047090600","Census Tract 906; Kings County; New York","27706","7281",
"1400000US36047090800","Census Tract 908; Kings County; New York","31003","17603",
"1400000US36047091000","Census Tract 910; Kings County; New York","17028","5767",
"1400000US36047091200","Census Tract 912; Kings County; New York","21840","15383",
"1400000US36047091600","Census Tract 916; Kings County; New York","43109","15428",
"1400000US36047091800","Census Tract 918; Kings County; New York","46657","31251",
"1400000US36047092000","Census Tract 920; Kings County; New York","43901","4490",
"1400000US36047092200","Census Tract 922; Kings County; New York","50603","6210",
"1400000US36047092400","Census Tract 924; Kings County; New York","33231","6229",
"1400000US36047092800","Census Tract 928; Kings County; New York","86313","25431",
"1400000US36047093000","Census Tract 930; Kings County; New York","96250","30337",
"1400000US36047093200","Census Tract 932; Kings County; New York","-","**",
"1400000US36047093400","Census Tract 934; Kings County; New York","83357","19147",
"1400000US36047093600","Census Tract 936; Kings County; New York","78929","5841",
"1400000US36047093800","Census Tract 938; Kings County; New York","74781","11639",
"1400000US36047094401","Census Tract 944.01; Kings County; New York","85607","22191",
"1400000US36047094402","Census Tract 944.02; Kings County; New York","27044","10598",
"1400000US36047094600","Census Tract 946; Kings County; New York","93819","29624",
"1400000US36047095000","Census Tract 950; Kings County; New York","92895","15700",
"1400000US36047095400","Census Tract 954; Kings County; New York","95081","12626",
"1400000US36047095600","Census Tract 956; Kings County; New York","100404","31646",
"1400000US36047095800","Census Tract 958; Kings County; New York","67091","22427",
"1400000US36047096000","Census Tract 960; Kings County; New York","-","**",
"1400000US36047096200","Census Tract 962; Kings County; New York","96500","39905",
"1400000US36047096400","Census Tract 964; Kings County; New York","82350","24778",
"1400000US36047096600","Census Tract 966; Kings County; New York","72396","5703",
"1400000US36047096800","Census Tract 968; Kings County; New York","90357","36308",
"1400000US36047097000","Census Tract 970; Kings County; New York","102566","73062",
"1400000US36047097400","Census Tract 974; Kings County; New York","80769","18186",
"1400000US36047098200","Census Tract 982; Kings County; New York","23580","2927",
"1400000US36047098400","Census Tract 984; Kings County; New York","114292","11911",
"1400000US36047098600","Census Tract 986; Kings County; New York","98750","31943",
"1400000US36047098800","Census Tract 988; Kings County; New York","78892","13069",
"1400000US36047099000","Census Tract 990; Kings County; New York","91848","25661",
"1400000US36047099200","Census Tract 992; Kings County; New York","90897","7541",
"1400000US36047099400","Census Tract 994; Kings County; New York","92730","8273",
"1400000US36047099600","Census Tract 996; Kings County; New York","83462","19475",
"1400000US36047099800","Census Tract 998; Kings County; New York","99609","13698",
"1400000US36047100400","Census Tract 1004; Kings County; New York","80772","31634",
"1400000US36047100600","Census Tract 1006; Kings County; New York","108088","27330",
"1400000US36047100800","Census Tract 1008; Kings County; New York","87800","24005",
"1400000US36047101000","Census Tract 1010; Kings County; New York","69700","54716",
"1400000US36047101200","Census Tract 1012; Kings County; New York","101953","29436",
"1400000US36047101400","Census Tract 1014; Kings County; New York","74219","24823",
"1400000US36047101600","Census Tract 1016; Kings County; New York","173292","49860",
"1400000US36047101800","Census Tract 1018; Kings County; New York","97845","10740",
"1400000US36047102000","Census Tract 1020; Kings County; New York","120682","31847",
"1400000US36047102200","Census Tract 1022; Kings County; New York","88654","37740",
"1400000US36047102400","Census Tract 1024; Kings County; New York","79087","16955",
"1400000US36047102600","Census Tract 1026; Kings County; New York","87145","32807",
"1400000US36047102801","Census Tract 1028.01; Kings County; New York","75875","18758",
"1400000US36047102802","Census Tract 1028.02; Kings County; New York","-","**",
"1400000US36047103401","Census Tract 1034.01; Kings County; New York","17963","5518",
"1400000US36047103402","Census Tract 1034.02; Kings County; New York","-","**",
"1400000US36047105801","Census Tract 1058.01; Kings County; New York","20899","5891",
"1400000US36047105804","Census Tract 1058.04; Kings County; New York","44059","9846",
"1400000US36047107001","Census Tract 1070.01; Kings County; New York","53108","12978",
"1400000US36047107002","Census Tract 1070.02; Kings County; New York","-","**",
"1400000US36047107003","Census Tract 1070.03; Kings County; New York","-","**",
"1400000US36047107800","Census Tract 1078; Kings County; New York","82540","12481",
"1400000US36047109800","Census Tract 1098; Kings County; New York","74673","44052",
"1400000US36047110400","Census Tract 1104; Kings County; New York","75833","20331",
"1400000US36047110600","Census Tract 1106; Kings County; New York","30198","11226",
"1400000US36047111000","Census Tract 1110; Kings County; New York","31218","6064",
"1400000US36047111600","Census Tract 1116; Kings County; New York","71593","25162",
"1400000US36047111800","Census Tract 1118; Kings County; New York","82773","37442",
"1400000US36047112000","Census Tract 1120; Kings County; New York","67396","17468",
"1400000US36047112200","Census Tract 1122; Kings County; New York","28888","24423",
"1400000US36047112400","Census Tract 1124; Kings County; New York","49422","25699",
"1400000US36047112600","Census Tract 1126; Kings County; New York","73493","22558",
"1400000US36047112800","Census Tract 1128; Kings County; New York","54484","17207",
"1400000US36047113000","Census Tract 1130; Kings County; New York","58547","20946",
"1400000US36047113200","Census Tract 1132; Kings County; New York","49306","4679",
"1400000US36047113400","Census Tract 1134; Kings County; New York","26745","3643",
"1400000US36047114201","Census Tract 1142.01; Kings County; New York","41196","17972",
"1400000US36047114202","Census Tract 1142.02; Kings County; New York","63049","8331",
"1400000US36047114400","Census Tract 1144; Kings County; New York","75444","15596",
"1400000US36047114600","Census Tract 1146; Kings County; New York","72438","27981",
"1400000US36047115000","Census Tract 1150; Kings County; New York","68944","13518",
"1400000US36047115200","Census Tract 1152; Kings County; New York","-","**",
"1400000US36047115600","Census Tract 1156; Kings County; New York","21238","4466",
"1400000US36047115800","Census Tract 1158; Kings County; New York","75764","9831",
"1400000US36047116000","Census Tract 1160; Kings County; New York","73244","17107",
"1400000US36047116200","Census Tract 1162; Kings County; New York","64100","13308",
"1400000US36047116400","Census Tract 1164; Kings County; New York","80125","16673",
"1400000US36047116600","Census Tract 1166; Kings County; New York","41086","14799",
"1400000US36047116800","Census Tract 1168; Kings County; New York","83841","22222",
"1400000US36047117000","Census Tract 1170; Kings County; New York","-","**",
"1400000US36047117201","Census Tract 1172.01; Kings County; New York","70179","21613",
"1400000US36047117202","Census Tract 1172.02; Kings County; New York","77401","35153",
"1400000US36047117400","Census Tract 1174; Kings County; New York","47444","28298",
"1400000US36047117601","Census Tract 1176.01; Kings County; New York","67222","21232",
"1400000US36047117602","Census Tract 1176.02; Kings County; New York","59071","3204",
"1400000US36047117800","Census Tract 1178; Kings County; New York","52750","10987",
"1400000US36047118000","Census Tract 1180; Kings County; New York","-","**",
"1400000US36047118201","Census Tract 1182.01; Kings County; New York","91167","13339",
"1400000US36047118202","Census Tract 1182.02; Kings County; New York","88140","42956",
"1400000US36047118400","Census Tract 1184; Kings County; New York","65766","13776",
"1400000US36047118600","Census Tract 1186; Kings County; New York","83125","11468",
"1400000US36047118800","Census Tract 1188; Kings County; New York","60197","14531",
"1400000US36047119000","Census Tract 1190; Kings County; New York","46979","27413",
"1400000US36047119200","Census Tract 1192; Kings County; New York","88705","18820",
"1400000US36047119400","Census Tract 1194; Kings County; New York","71801","32079",
"1400000US36047119600","Census Tract 1196; Kings County; New York","54177","9796",
"1400000US36047119800","Census Tract 1198; Kings County; New York","46391","25742",
"1400000US36047120000","Census Tract 1200; Kings County; New York","47656","40010",
"1400000US36047120200","Census Tract 1202; Kings County; New York","119522","25684",
"1400000US36047120801","Census Tract 1208.01; Kings County; New York","58869","38051",
"1400000US36047120802","Census Tract 1208.02; Kings County; New York","33662","5593",
"1400000US36047120803","Census Tract 1208.03; Kings County; New York","49702","8625",
"1400000US36047121000","Census Tract 1210; Kings County; New York","21985","10615",
"1400000US36047121400","Census Tract 1214; Kings County; New York","37626","17160",
"1400000US36047122000","Census Tract 1220; Kings County; New York","70268","22272",
"1400000US36047123700","Census Tract 1237; Kings County; New York","52649","9422",
"1400000US36047150200","Census Tract 1502; Kings County; New York","126364","62049",
"1400000US36047152200","Census Tract 1522; Kings County; New York","214297","99460",
"1400000US36047990100","Census Tract 9901; Kings County; New York","-","**",
